{
    "Changes": [
	
	{
   		 "Action": "EditData",
   		 "Target": "Data/Characters",
   		 "Entries": {
   			 "{{ModId}}_Adejens": {
   				 "DisplayName": "Adejens",
   				 "Gender": "Male",
   				 "Age": "Adult",
   				 "Manner": "Rude",
   				 "SocialAnxiety": "Shy",
   				 "Optimism": "Negative",
   				 "BirthSeason": "Winter",
   				 "BirthDay": "4",
   				 "HomeRegion": "Town",
				 "CanGreetNearbyCharacters": true,
   				 "CanBeRomanced": false,
    				"CanVisitIsland": false,
   				 "SpouseAdopts": null,
   				 "IntroductionsQuest": false,
   				 "ItemDeliveryQuests": true,
   				 "WinterStarParticipant": false,
   				 
   				 "Home": [
   					 {
   						 "Id": "Default",
   						 "Location": "FernRiver_GandayahHouse",
   						 "Tile": {
   							 "X": 19,
   							 "Y": 24
   						 },
   						 "Direction": "right"
   					 }
   				 ],
   			 },
			 "{{ModId}}_Afia": {
   				 "DisplayName": "Afia",
   				 "Gender": "Female",
   				 "Age": "Adult",
   				 "Manner": "Neutral",
   				 "SocialAnxiety": "Neutral",
   				 "Optimism": "Positive",
   				 "BirthSeason": "Spring",
   				 "BirthDay": "18",
   				 "HomeRegion": "Town",
				 "CanGreetNearbyCharacters": true,
   				 "CanBeRomanced": false,
    				"CanVisitIsland": false,
   				 "SpouseAdopts": null,
   				 "IntroductionsQuest": false,
   				 "ItemDeliveryQuests": true,
   				 "WinterStarParticipant": false,
   				 
   				 "Home": [
   					 {
   						 "Id": "Default",
   						 "Location": "FernRiver_YumbaHouse",
   						 "Tile": {
   							 "X": 35,
   							 "Y": 8
   						 },
   						 "Direction": "down"
   					 }
   				 ],
   			 },
			 "{{ModId}}_Alonso": {
   				 "DisplayName": "Alonso",
   				 "Gender": "Male",
   				 "Age": "Child",
   				 "Manner": "Rude",
   				 "SocialAnxiety": "Outgoing",
   				 "Optimism": "Neutral",
   				 "BirthSeason": "Winter",
   				 "BirthDay": "22",
   				 "HomeRegion": "Town",
				 "CanGreetNearbyCharacters": true,
   				 "CanBeRomanced": false,
    				"CanVisitIsland": false,
   				 "SpouseAdopts": null,
   				 "IntroductionsQuest": false,
   				 "ItemDeliveryQuests": true,
   				 "WinterStarParticipant": false,
   				 
   				 "Home": [
   					 {
   						 "Id": "Default",
   						 "Location": "FernRiver_GeneralStore",
   						 "Tile": {
   							 "X": 4,
   							 "Y": 7
   						 },
   						 "Direction": "right"
   					 }
   				 ],
   			 },
			 "{{ModId}}_Amadi": {
   				 "DisplayName": "Amadi",
   				 "Gender": "Male",
   				 "Age": "Teen",
   				 "Manner": "Polite",
   				 "SocialAnxiety": "Neutral",
   				 "Optimism": "Positive",
				 "IsDarkSkinned": true,
   				 "BirthSeason": "Summer",
   				 "BirthDay": "5",
   				 "HomeRegion": "Town",
				 "CanGreetNearbyCharacters": true,
   				 "CanBeRomanced": true,
    				"CanVisitIsland": false,
   				 "SpouseAdopts": null,
   				 "IntroductionsQuest": false,
   				 "ItemDeliveryQuests": true,
   				 "WinterStarParticipant": false,
   				 
   				 "Home": [
   					 {
   						 "Id": "Default",
   						 "Location": "FernRiver_YumbaHouse",
   						 "Tile": {
   							 "X": 5,
   							 "Y": 8
   						 },
   						 "Direction": "right"
   					 }
   				 ],
   			 },
			 "{{ModId}}_Anwen": {
   				 "DisplayName": "Anwen",
   				 "Gender": "Female",
   				 "Age": "Teen",
   				 "Manner": "Rude",
   				 "SocialAnxiety": "Outgoing",
   				 "Optimism": "Negative",
   				 "BirthSeason": "Fall",
   				 "BirthDay": "24",
   				 "HomeRegion": "Town",
				 "CanGreetNearbyCharacters": true,
   				 "CanBeRomanced": true,
    				"CanVisitIsland": false,
   				 "SpouseAdopts": null,
   				 "IntroductionsQuest": false,
   				 "ItemDeliveryQuests": true,
   				 "WinterStarParticipant": false,
   				 
   				 "Home": [
   					 {
   						 "Id": "Default",
   						 "Location": "FernRiver_MorguinHouse2",
   						 "Tile": {
   							 "X": 25,
   							 "Y": 19
   						 },
   						 "Direction": "left"
   					 }
   				 ],
   			 },
			 "{{ModId}}_Arun": {
   				 "DisplayName": "Arun",
   				 "Gender": "Male",
   				 "Age": "Adult",
   				 "Manner": "Polite",
   				 "SocialAnxiety": "Outgoing",
   				 "Optimism": "Neutral",
   				 "BirthSeason": "Fall",
   				 "BirthDay": "14",
   				 "HomeRegion": "Town",
				 "CanGreetNearbyCharacters": true,
   				 "CanBeRomanced": false,
    				"CanVisitIsland": false,
   				 "SpouseAdopts": null,
   				 "IntroductionsQuest": false,
   				 "ItemDeliveryQuests": true,
   				 "WinterStarParticipant": false,
   				 
   				 "Home": [
   					 {
   						 "Id": "Default",
   						 "Location": "FernRiver_KinnaraHouse",
   						 "Tile": {
   							 "X": 7,
   							 "Y": 26
   						 },
   						 "Direction": "right"
   					 }
   				 ],
   			 },
   			 "{{ModId}}_Camila": {
   				 "DisplayName": "Camila",
   				 "Gender": "Female",
   				 "Age": "Adult",
   				 "Manner": "Polite",
   				 "SocialAnxiety": "Neutral",
   				 "Optimism": "Positive",
   				 "BirthSeason": "Winter",
   				 "BirthDay": "15",
   				 "HomeRegion": "Town",
				 "CanGreetNearbyCharacters": true,
   				 "CanBeRomanced": false,
    				"CanVisitIsland": false,
   				 "SpouseAdopts": null,
   				 "IntroductionsQuest": false,
   				 "ItemDeliveryQuests": true,
   				 "WinterStarParticipant": false,
   				 
   				 "Home": [
   					 {
   						 "Id": "Default",
   						 "Location": "FernRiver_GeneralStore",
   						 "Tile": {
   							 "X": 25,
   							 "Y": 5
   						 },
   						 "Direction": "left"
   					 }
   				 ]
   			 },
			 "{{ModId}}_Cayo": {
   				 "DisplayName": "Cayo",
   				 "Gender": "Male",
   				 "Age": "Child",
   				 "Manner": "Neutral",
   				 "SocialAnxiety": "Shy",
   				 "Optimism": "Neutral",
   				 "BirthSeason": "Winter",
   				 "BirthDay": "22",
   				 "HomeRegion": "Town",
				 "CanGreetNearbyCharacters": true,
   				 "CanBeRomanced": false,
    				"CanVisitIsland": false,
   				 "SpouseAdopts": null,
   				 "IntroductionsQuest": false,
   				 "ItemDeliveryQuests": true,
   				 "WinterStarParticipant": false,
   				 
   				 "Home": [
   					 {
   						 "Id": "Default",
   						 "Location": "FernRiver_GeneralStore",
   						 "Tile": {
   							 "X": 17,
   							 "Y": 5
   						 },
   						 "Direction": "right"
   					 }
   				 ],
   			 },
			 "{{ModId}}_Chanthira": {
   				 "DisplayName": "Chanthira",
   				 "Gender": "Female",
   				 "Age": "Child",
   				 "Manner": "Neutral",
   				 "SocialAnxiety": "Neutral",
   				 "Optimism": "Neutral",
   				 "BirthSeason": "spring",
   				 "BirthDay": "22",
   				 "HomeRegion": "Town",
				 "CanGreetNearbyCharacters": true,
   				 "CanBeRomanced": false,
    				"CanVisitIsland": false,
   				 "SpouseAdopts": null,
   				 "IntroductionsQuest": false,
   				 "ItemDeliveryQuests": true,
   				 "WinterStarParticipant": false,
   				 
   				 "Home": [
   					 {
   						 "Id": "Default",
   						 "Location": "FernRiver_KinnaraHouse",
   						 "Tile": {
   							 "X": 13,
   							 "Y": 10
   						 },
   						 "Direction": "right"
   					 }
   				 ],
   			 },
   			 "{{ModId}}_Fable": {
   				 "DisplayName": "Fable",
   				 "Gender": "Female",
   				 "Age": "Adult",
   				 "Manner": "Polite",
   				 "SocialAnxiety": "Outgoing",
   				 "Optimism": "Positive",
   				 "BirthSeason": "Summer",
   				 "BirthDay": "12",
   				 "HomeRegion": "Town",
				 "CanGreetNearbyCharacters": true,
   				 "CanBeRomanced": false,
    				"CanVisitIsland": false,
   				 "SpouseAdopts": null,
   				 "IntroductionsQuest": false,
   				 "ItemDeliveryQuests": true,
   				 "WinterStarParticipant": false,
   				 
   				 "Home": [
   					 {
   						 "Id": "Default",
   						 "Location": "FernRiver_StoryHouse2",
   						 "Tile": {
   							 "X": 14,
   							 "Y": 22
   						 },
   						 "Direction": "right"
   					 }
   				 ],
   			 },    
   	 //Fintan
	 
   			 "{{ModId}}_Fintan": {
   				 "DisplayName": "Fintan",
   				 "Gender": "Male",
   				 "Age": "Teen",
   				 "Manner": "Rude",
   				 "SocialAnxiety": "Neutral",
   				 "Optimism": "Neutral",
   				 "BirthSeason": "Spring",
   				 "BirthDay": "19",
   				 "HomeRegion": "Town",
				 "CanGreetNearbyCharacters": true,
   				 "CanBeRomanced": true,
    				"CanVisitIsland": false,
   				 "SpouseAdopts": null,
   				 "IntroductionsQuest": false,
   				 "ItemDeliveryQuests": true,
   				 "WinterStarParticipant": false,
   				 
   				 "Home": [
   					 {
   						 "Id": "Default",
   						 "Location": "FernRiver_PatryHouse",
   						 "Tile": {
   							 "X": 11,
   							 "Y": 19
   						 },
   						 "Direction": "right"
   					 }
   				 ],
   			 },
   			 "{{ModId}}_Flori": {
   				 "DisplayName": "Flori",
   				 "Gender": "Female",
   				 "Age": "Child",
   				 "Manner": "Polite",
   				 "SocialAnxiety": "Neutral",
   				 "Optimism": "Positive",
   				 "BirthSeason": "Winter",
   				 "BirthDay": "22",
   				 "HomeRegion": "Town",
				 "CanGreetNearbyCharacters": true,
   				 "CanBeRomanced": false,
    				"CanVisitIsland": false,
   				 "SpouseAdopts": null,
   				 "IntroductionsQuest": false,
   				 "ItemDeliveryQuests": true,
   				 "WinterStarParticipant": false,
   				 
   				 "Home": [
   					 {
   						 "Id": "Default",
   						 "Location": "FernRiver_GeneralStore",
   						 "Tile": {
   							 "X": 3,
   							 "Y": 19
   						 },
   						 "Direction": "right"
   					 }
   				 ],
   			 },
   			 "{{ModId}}_Inacio": {
   				 "DisplayName": "Inacio",
   				 "Gender": "Male",
   				 "Age": "Adult",
   				 "Manner": "Neutral",
   				 "SocialAnxiety": "Outgoing",
   				 "Optimism": "Neutral",
   				 "BirthSeason": "Spring",
   				 "BirthDay": "27",
   				 "HomeRegion": "Town",
				 "CanGreetNearbyCharacters": true,
   				 "CanBeRomanced": false,
    				"CanVisitIsland": false,
   				 "SpouseAdopts": null,
   				 "IntroductionsQuest": false,
   				 "ItemDeliveryQuests": true,
   				 "WinterStarParticipant": false,
   				 
   				 "Home": [
   					 {
   						 "Id": "Default",
   						 "Location": "FernRiver_GeneralStore",
   						 "Tile": {
   							 "X": 27,
   							 "Y": 5
   						 },
   						 "Direction": "right"
   					 }
   				 ],
   			 },
   			 "{{ModId}}_Ikenna": {
   				 "DisplayName": "Ikenna",
   				 "Gender": "Male",
   				 "Age": "Adult",
   				 "Manner": "Neutral",
   				 "SocialAnxiety": "Outgoing",
   				 "Optimism": "Neutral",
   				 "BirthSeason": "Fall",
   				 "BirthDay": "2",
   				 "HomeRegion": "Town",
				 "CanGreetNearbyCharacters": true,
   				 "CanBeRomanced": false,
    				"CanVisitIsland": false,
   				 "SpouseAdopts": null,
   				 "IntroductionsQuest": false,
   				 "ItemDeliveryQuests": true,
   				 "WinterStarParticipant": false,
   				 
   				 "Home": [
   					 {
   						 "Id": "Default",
   						 "Location": "FernRiver_YumbaHouse",
   						 "Tile": {
   							 "X": 33,
   							 "Y": 8
   						 },
   						 "Direction": "left"
   					 }
   				 ],
   			 },
   			 "{{ModId}}_Ivie": {
   				 "DisplayName": "Ivie",
   				 "Gender": "Female",
   				 "Age": "child",
   				 "Manner": "Neutral",
   				 "SocialAnxiety": "Shy",
   				 "Optimism": "Neutral",
   				 "BirthSeason": "Spring",
   				 "BirthDay": "19",
   				 "HomeRegion": "Town",
				 "CanGreetNearbyCharacters": true,
   				 "CanBeRomanced": false,
    				"CanVisitIsland": false,
   				 "SpouseAdopts": null,
   				 "IntroductionsQuest": false,
   				 "ItemDeliveryQuests": true,
   				 "WinterStarParticipant": false,
   				 
   				 "Home": [
   					 {
   						 "Id": "Default",
   						 "Location": "FernRiver_YumbaHouse",
   						 "Tile": {
   							 "X": 22,
   							 "Y": 5
   						 },
   						 "Direction": "right"
   					 }
   				 ],
   			 },    
   			 "{{ModId}}_Kahwihta": {
   				 "DisplayName": "Kahwihta",
   				 "Gender": "Female",
   				 "Age": "Teen",
   				 "Manner": "Neutral",
   				 "SocialAnxiety": "Shy",
   				 "Optimism": "Neutral",
   				 "BirthSeason": "Spring",
   				 "BirthDay": "22",
   				 "HomeRegion": "Town",
				 "CanGreetNearbyCharacters": true,
   				 "CanBeRomanced": true,
    				"CanVisitIsland": false,
   				 "SpouseAdopts": null,
   				 "IntroductionsQuest": false,
   				 "ItemDeliveryQuests": true,
   				 "WinterStarParticipant": false,
   				 
   				 "Home": [
   					 {
   						 "Id": "Default",
   						 "Location": "FernRiver_GandayahHouse",
   						 "Tile": {
   							 "X": 27,
   							 "Y": 24
   						 },
   						 "Direction": "left"
   					 }
   				 ],
   			 },    
   			 "{{ModId}}_Kekoa": {
   				 "DisplayName": "Kekoa",
   				 "Gender": "Male",
   				 "Age": "Teen",
   				 "Manner": "Neutral",
   				 "SocialAnxiety": "Shy",
   				 "Optimism": "Positive",
   				 "BirthSeason": "Summer",
   				 "BirthDay": "7",
				 "IsDarkSkinned": true,
   				 "HomeRegion": "Town",
				 "CanGreetNearbyCharacters": true,
   				 "CanBeRomanced": true,
    				"CanVisitIsland": false,
   				 "SpouseAdopts": null,
   				 "IntroductionsQuest": false,
   				 "ItemDeliveryQuests": true,
   				 "WinterStarParticipant": false,
   				 
   				 "Home": [
   					 {
   						 "Id": "Default",
   						 "Location": "FernRiver_KekoaHouse",
   						 "Tile": {
   							 "X": 7,
   							 "Y": 11
   						 },
   						 "Direction": "right"
   					 }
   				 ],
   			 },    
   			 "{{ModId}}_Legend": {
   				 "DisplayName": "Legend",
   				 "Gender": "Male",
   				 "Age": "Teen",
   				 "Manner": "Polite",
   				 "SocialAnxiety": "Shy",
   				 "Optimism": "Neutral",
   				 "BirthSeason": "Summer",
   				 "BirthDay": "16",
   				 "HomeRegion": "Town",
				 "CanGreetNearbyCharacters": true,
   				 "CanBeRomanced": true,
    				"CanVisitIsland": false,
   				 "SpouseAdopts": null,
   				 "IntroductionsQuest": false,
   				 "ItemDeliveryQuests": true,
   				 "WinterStarParticipant": false,
   				 
   				 "Home": [
   					 {
   						 "Id": "Default",
   						 "Location": "FernRiver_StoryHouse2",
   						 "Tile": {
   							 "X": 27,
   							 "Y": 22
   						 },
   						 "Direction": "left"
   					 }
   				 ],
   			 },    
   			 "{{ModId}}_Mali": {
   				 "DisplayName": "Mali",
   				 "Gender": "Female",
   				 "Age": "Teen",
   				 "Manner": "Polite",
   				 "SocialAnxiety": "Shy",
   				 "Optimism": "Neutral",
   				 "BirthSeason": "Summer",
   				 "BirthDay": "4",
   				 "HomeRegion": "Town",
				 "CanGreetNearbyCharacters": true,
   				 "CanBeRomanced": true,
    				"CanVisitIsland": false,
   				 "SpouseAdopts": null,
   				 "IntroductionsQuest": false,
   				 "ItemDeliveryQuests": true,
   				 "WinterStarParticipant": false,
   				 
   				 "Home": [
   					 {
   						 "Id": "Default",
   						 "Location": "FernRiver_KinnaraHouse",
   						 "Tile": {
   							 "X": 5,
   							 "Y": 11
   						 },
   						 "Direction": "right"
   					 }
   				 ],
   			 },
   			 "{{ModId}}_Malkin": {
   				 "DisplayName": "Malkin",
   				 "Gender": "Female",
   				 "Age": "Child",
   				 "Manner": "Rude",
   				 "SocialAnxiety": "Outgoing",
   				 "Optimism": "Positive",
   				 "BirthSeason": "Winter",
   				 "BirthDay": "12",
   				 "HomeRegion": "Town",
				 "CanGreetNearbyCharacters": false,
   				 "CanBeRomanced": false,
    				"CanVisitIsland": false,
   				 "SpouseAdopts": null,
   				 "IntroductionsQuest": false,
   				 "ItemDeliveryQuests": true,
   				 "WinterStarParticipant": false,
				  "Size": { "X": 32, "Y": 32 },
                    "CustomFields": {
                        "poohnhi.PoohCore/WideCharacter": "true",
					"poohnhi.PoohCore/HighCharacter": "false" },
   				 
   				 "Home": [
   					 {
   						 "Id": "Default",
   						 "Location": "FernRiver_MorguinHouse1",
   						 "Tile": {
   							 "X": 23,
   							 "Y": 18
   						 },
   						 "Direction": "left"
   					 }
   				 ],
   			 },
   			 "{{ModId}}_Morgana": {
   				 "DisplayName": "Morgana",
   				 "Gender": "Female",
   				 "Age": "Adult",
   				 "Manner": "Rude",
   				 "SocialAnxiety": "Neutral",
   				 "Optimism": "Neutral",
   				 "BirthSeason": "Summer",
   				 "BirthDay": "10",
   				 "HomeRegion": "Town",
				 "CanGreetNearbyCharacters": true,
   				 "CanBeRomanced": false,
    				"CanVisitIsland": false,
   				 "SpouseAdopts": null,
   				 "IntroductionsQuest": false,
   				 "ItemDeliveryQuests": true,
   				 "WinterStarParticipant": false,
   				 
   				 "Home": [
   					 {
   						 "Id": "Default",
   						 "Location": "FernRiver_MorguinHouse2",
   						 "Tile": {
   							 "X": 6,
   							 "Y": 18
   						 },
   						 "Direction": "left"
   					 }
   				 ],
   			 },    
   			 "{{ModId}}_Nilufar": {
   				 "DisplayName": "Nilufar",
   				 "Gender": "Female",
   				 "Age": "Teen",
   				 "Manner": "Neutral",
   				 "SocialAnxiety": "Outgoing",
   				 "Optimism": "Positive",
   				 "BirthSeason": "Spring",
   				 "BirthDay": "13",
   				 "HomeRegion": "Town",
				 "CanGreetNearbyCharacters": true,
   				 "CanBeRomanced": true,
    				"CanVisitIsland": false,
   				 "SpouseAdopts": null,
   				 "IntroductionsQuest": false,
   				 "ItemDeliveryQuests": true,
   				 "WinterStarParticipant": false,
   				 
   				 "Home": [
   					 {
   						 "Id": "Default",
   						 "Location": "FernRiver_PariHouse",
   						 "Tile": {
   							 "X": 3,
   							 "Y": 33
   						 },
   						 "Direction": "left"
   					 }
   				 ],
   			 },    
   			 "{{ModId}}_Ojistah": {
   				 "DisplayName": "Ojistah",
   				 "Gender": "Female",
   				 "Age": "Adult",
   				 "Manner": "Neutral",
   				 "SocialAnxiety": "Neutral",
   				 "Optimism": "Neutral",
   				 "BirthSeason": "Fall",
   				 "BirthDay": "21",
   				 "HomeRegion": "Town",
				 "CanGreetNearbyCharacters": true,
   				 "CanBeRomanced": false,
    				"CanVisitIsland": false,
   				 "SpouseAdopts": null,
   				 "IntroductionsQuest": false,
   				 "ItemDeliveryQuests": true,
   				 "WinterStarParticipant": false,
   				 
   				 "Home": [
   					 {
   						 "Id": "Default",
   						 "Location": "FernRiver_GandayahHouse",
   						 "Tile": {
   							 "X": 17,
   							 "Y": 24
   						 },
   						 "Direction": "right"
   					 }
   				 ],
   			 },    
   			 "{{ModId}}_Oralia": {
   				 "DisplayName": "Oralia",
   				 "Gender": "Female",
   				 "Age": "Child",
   				 "Manner": "Neutral",
   				 "SocialAnxiety": "Neutral",
   				 "Optimism": "Neutral",
   				 "BirthSeason": "Summer",
   				 "BirthDay": "3",
   				 "HomeRegion": "Town",
				 "CanGreetNearbyCharacters": false,
   				 "CanBeRomanced": false,
    				"CanVisitIsland": false,
   				 "SpouseAdopts": null,
   				 "IntroductionsQuest": false,
   				 "ItemDeliveryQuests": true,
   				 "WinterStarParticipant": false,
   				 
   				 "Home": [
   					 {
   						 "Id": "Default",
   						 "Location": "FernRiver_GeneralStore",
   						 "Tile": {
   							 "X": 39,
   							 "Y": 28
   						 },
   						 "Direction": "right"
   					 }
   				 ],
   			 },    
   			 "{{ModId}}_Parvaneh": {
   				 "DisplayName": "Parvaneh",
   				 "Gender": "Female",
   				 "Age": "Teen",
   				 "Manner": "Polite",
   				 "SocialAnxiety": "Shy",
   				 "Optimism": "Neutral",
   				 "BirthSeason": "Winter",
   				 "BirthDay": "22",
   				 "HomeRegion": "Town",
				 "CanGreetNearbyCharacters": true,
   				 "CanBeRomanced": true,
    				"CanVisitIsland": false,
   				 "SpouseAdopts": null,
   				 "IntroductionsQuest": false,
   				 "ItemDeliveryQuests": true,
   				 "WinterStarParticipant": false,
   				 
   				 "Home": [
   					 {
   						 "Id": "Default",
   						 "Location": "FernRiver_PariHouse",
   						 "Tile": {
   							 "X": 6,
   							 "Y": 22
   						 },
   						 "Direction": "right"
   					 }
   				 ],
   			 },    
   			 "{{ModId}}_Sabela": {
   				 "DisplayName": "Sabela",
   				 "Gender": "Female",
   				 "Age": "Teen",
   				 "Manner": "Rude",
   				 "SocialAnxiety": "Neutral",
   				 "Optimism": "Positive",
   				 "BirthSeason": "Spring",
   				 "BirthDay": "24",
   				 "HomeRegion": "Town",
				 "CanGreetNearbyCharacters": true,
   				 "CanBeRomanced": true,
    				"CanVisitIsland": false,
   				 "SpouseAdopts": null,
   				 "IntroductionsQuest": false,
   				 "ItemDeliveryQuests": true,
   				 "WinterStarParticipant": false,
   				 
   				 "Home": [
   					 {
   						 "Id": "Default",
   						 "Location": "FernRiver_SabelaHouse",
   						 "Tile": {
   							 "X": 21,
   							 "Y": 16
   						 },
   						 "Direction": "left"
   					 }
   				 ],
   			 },    
   			 "{{ModId}}_Seguin": {
   				 "DisplayName": "Seguin",
   				 "Gender": "Male",
   				 "Age": "Adult",
   				 "Manner": "Neutral",
   				 "SocialAnxiety": "Neutral",
   				 "Optimism": "Positive",
   				 "BirthSeason": "Summer",
   				 "BirthDay": "18",
   				 "HomeRegion": "Town",
				 "CanGreetNearbyCharacters": true,
   				 "CanBeRomanced": false,
    				"CanVisitIsland": false,
   				 "SpouseAdopts": null,
   				 "IntroductionsQuest": false,
   				 "ItemDeliveryQuests": true,
   				 "WinterStarParticipant": false,
   				 
   				 "Home": [
   					 {
   						 "Id": "Default",
   						 "Location": "FernRiver_MorguinHouse2",
   						 "Tile": {
   							 "X": 8,
   							 "Y": 18
   						 },
   						 "Direction": "right"
   					 }
   				 ],
   			 },    
   			 "{{ModId}}_Shuck": {
   				 "DisplayName": "Shuck",
   				 "Gender": "Male",
   				 "Age": "child",
   				 "Manner": "Rude",
   				 "SocialAnxiety": "Outgoing",
   				 "Optimism": "Positive",
   				 "BirthSeason": "Winter",
   				 "BirthDay": "17",
   				 "HomeRegion": "Town",
				 "CanGreetNearbyCharacters": false,
   				 "CanBeRomanced": false,
    				"CanVisitIsland": false,
   				 "SpouseAdopts": null,
   				 "IntroductionsQuest": false,
   				 "ItemDeliveryQuests": false,
   				 "WinterStarParticipant": false,
				 "Size": { "X": 32, "Y": 32 },
                    "CustomFields": {
                        "poohnhi.PoohCore/WideCharacter": "true",
                        "poohnhi.PoohCore/HighCharacter": "false"
					},
   				 
   				 "Home": [
   					 {
   						 "Id": "Default",
   						 "Location": "FernRiver_ShuckHouse",
   						 "Tile": {
   							 "X": 4,
   							 "Y": 4
   						 },
   						 "Direction": "right"
   					 }
   				 ],
   			 },    
   			 "{{ModId}}_Siphiwe": {
   				 "DisplayName": "Siphiwe",
   				 "Gender": "Male",
   				 "Age": "Teen",
   				 "Manner": "Neutral",
   				 "SocialAnxiety": "Outgoing",
   				 "Optimism": "Neutral",
   				 "BirthSeason": "Summer",
   				 "BirthDay": "19",
				 "IsDarkSkinned": true,
   				 "HomeRegion": "Town",
				 "CanGreetNearbyCharacters": true,
   				 "CanBeRomanced": false,
    				"CanVisitIsland": false,
   				 "SpouseAdopts": null,
   				 "IntroductionsQuest": false,
   				 "ItemDeliveryQuests": true,
   				 "WinterStarParticipant": false,
   				 
   				 "Home": [
   					 {
   						 "Id": "Default",
   						 "Location": "FernRiver_IweHouse",
   						 "Tile": {
   							 "X": 1,
   							 "Y": 7
   						 },
   						 "Direction": "right"
   					 }
   				 ],
   			 },    
   			 "{{ModId}}_Story": {
   				 "DisplayName": "Story",
   				 "Gender": "Male",
   				 "Age": "Adult",
   				 "Manner": "Neutral",
   				 "SocialAnxiety": "Outgoing",
   				 "Optimism": "Positive",
   				 "BirthSeason": "Winter",
   				 "BirthDay": "11",
   				 "HomeRegion": "Town",
				 "CanGreetNearbyCharacters": true,
   				 "CanBeRomanced": false,
    				"CanVisitIsland": false,
   				 "SpouseAdopts": null,
   				 "IntroductionsQuest": false,
   				 "ItemDeliveryQuests": true,
   				 "WinterStarParticipant": false,
   				 
   				 "Home": [
   					 {
   						 "Id": "Default",
   						 "Location": "FernRiver_StoryHouse2",
   						 "Tile": {
   							 "X": 12,
   							 "Y": 22
   						 },
   						 "Direction": "left"
   					 }
   				 ],
   			 },    
   			 "{{ModId}}_Dara": {
   				 "DisplayName": "Dara",
   				 "Gender": "Female",
   				 "Age": "Adult",
   				 "Manner": "Polite",
   				 "SocialAnxiety": "Shy",
   				 "Optimism": "Neutral",
   				 "BirthSeason": "Fall",
   				 "BirthDay": "22",
   				 "HomeRegion": "Town",
				 "CanGreetNearbyCharacters": true,
   				 "CanBeRomanced": false,
    				"CanVisitIsland": false,
   				 "SpouseAdopts": null,
   				 "IntroductionsQuest": false,
   				 "ItemDeliveryQuests": true,
   				 "WinterStarParticipant": false,
   				 
   				 "Home": [
   					 {
   						 "Id": "Default",
   						 "Location": "FernRiver_KinnaraHouse",
   						 "Tile": {
   							 "X": 5,
   							 "Y": 26
   						 },
   						 "Direction": "left"
   					 }
   				 ],
   			 },    
   			 "{{ModId}}_Thandiwe": {
   				 "DisplayName": "Thandiwe",
   				 "Gender": "Female",
   				 "Age": "Teen",
   				 "Manner": "Neutral",
   				 "SocialAnxiety": "Shy",
   				 "Optimism": "Neutral",
   				 "BirthSeason": "Winter",
   				 "BirthDay": "6",
				 "IsDarkSkinned": true,
   				 "HomeRegion": "Town",
				 "CanGreetNearbyCharacters": true,
   				 "CanBeRomanced": true,
    				"CanVisitIsland": false,
   				 "SpouseAdopts": null,
   				 "IntroductionsQuest": false,
   				 "ItemDeliveryQuests": true,
   				 "WinterStarParticipant": false,
   				 
   				 "Home": [
   					 {
   						 "Id": "Default",
   						 "Location": "FernRiver_IweHouse",
   						 "Tile": {
   							 "X": 20,
   							 "Y": 7
   						 },
   						 "Direction": "right"
   					 }
   				 ],
   			 },    
   		 }
	}
    ]
}