{
	"Changes": 
    [
		{
            "LogName": "Gift Taste Data",
            "Action": "EditData",
            "Target": "Data/NPCGiftTastes",
            "Entries":
            {
				"{{ModId}}_Chanthira": "Wow! Thank you so much!//This is very nice!/-7, -6, -2, -26, -75, -79, -80/You give these things to your friends?/-4, -15, -16, -28/I thought you liked me.../-14, -19, -20, -999, -21/Oh. I mean, thank you./-5, -25, -27, -81/",
				"{{ModId}}_Arun": "Well! You put a lot of thought into this!//How kind of you!//It's the thought that counts, I suppose//You didn't think about this at all, did you?/-999, -20/Isn't this nice!",
				"{{ModId}}_Adejens": "I can certainly put this to use!//I won't turn down something like this//Hmmm...//Why did you give me this trash?/-999, -20/Thanks.",
				"{{ModId}}_Afia": "What a treasure!//I'm sure this will come in handy//I don't really need things like this//Friends don't give each other this sort of rubbish/-999, -20/You're always generous.",
				"{{ModId}}_Alonso": "Hey, cool! Just what I wanted!//Hey! Yeah. This is decent.//Really? I guess so.//What's this junk?/-999, -20/Okay, I guess.",
				"{{ModId}}_Amadi": "Nice! You're the best!//Awesome. Thanks!//Oof. Not my style, @.//Seriously?/-999, -20/Thanks, @.",
				"{{ModId}}_Anwen": "Seriously awesome! You're the best!//Cool stuff, @!//Umm... not my bag, sorry.//At least you didn't thow it in the river, I guess./-999, -20/Thanks, @.",
                "{{ModId}}_Camila": "This is great! I love it!//You're so thoughtful, @.//Um... thanks, but I don't really like this.//Why would you ever give me something like this?/-999, -20/Thank you for thinking of me, @//",
				"{{ModId}}_Cayo": "Really? For me? It's the best!//Oh, boy! A gift! Thanks!//Oh. I don't really like this.//Oh... I'm sorry for whatever I did./-999, -20/Thanks, Farmer @!",
				"{{ModId}}_Fable": "Oh, my! This is lovely!//Thank you so much for this.//Well! This is... a nice thought.//Did you want me to throw this away?//Thank you for thinking of me.//"
		"{{ModId}}_Fintan": "This is amazing! I love it!//Nice! Good choice.//It's a thing, I guess.//I can't even use this for monster bait./-999, -20/Thanks for thinking of me.",
		"{{ModId}}_Flori": "Hooray! I love it! I love it!//You're the nicest person ever!//I don't really like this.//You're mean./-999, -20/Thank you!",
		"{{ModId}}_Inacio": "Wow! This is amazing!//Thanks a lot!//Well, it was nice that you thought of me.//Please don't give me anything like this again./-999, -20/Thanks.",
		"{{ModId}}_Ikenna": "Now this is a gift! Thanks!//That's very kind of you.//It's not ideal...//No, this is not for me./-999, -20/Thanks for the thought.",
		"{{ModId}}_Ivie": "Yay! It's the best!//Goody goody gifty gifty... I mean, thank you!//Mom says I should always say thank you.//No... I can't say thank you for this./-999, -20/It's nice. Thank you.",
		"{{ModId}}_Kahwihta": "It's wonderful! You're so great!//Nice!//Hmm. Not my favorite, but thanks.//Do you not like me or something?/-999, -20/Thanks.",
		"{{ModId}}_Kekoa": "Yes! You're a star!//You're so generous, @!//Maybe someone else would like this more?//Yeah, I don't think anyone would want this/-999, -20/Thanks.",
		"{{ModId}}_Legend": "$1 Thank you very much/-80 item_tea 904 614 567/$1 Thank you/-75, -79, -74, -7/...//$5 .../109, 101, -999, -20/Thank you/198, 202, 209, 212, 213, 214, 219, 225, 226, 227, 228, 241, 242, 727, 728, 729, 730, 732, 733",
		"{{ModId}}_Mali": "I love it!//I like it.//I don't like it.//Are you just giving away your junk?/-999, -20/Thanks.",
		"{{ModId}}_Malkin": "Meowow!//Prrr...//Grr...//*Hiss*/-999, -20/Mew!",
		"{{ModId}}_Morgana": "Ah, you're learning our ways! How wonderful!//Such a gracious gift//Hmm. Everyone makes mistakes//This is why I wasn't sure about you./-999, -20/I accept, and am grateful.",
		"{{ModId}}_Nilufar": "I love it!//I like it.//I don't like it.//I hate it/-999, -20/Thanks.",
		"{{ModId}}_Ojistah": "I love it!//I like it.//I don't like it.//I hate it/-999, -20/Thanks.",
		"{{ModId}}_Oralia": "Whee!//Chirroo!//Peep...//Chrr..../-999, -20/Pippip!.",
		"{{ModId}}_Parvaneh": "I love it!//I like it.//I don't like it.//I hate it/-999, -20/Thanks.",
		"{{ModId}}_Sabela": "Oo, what's this! Oh, what a treasure!//How wonderful! I so adore gifts!/-2, -12/Oh, well... I won't turn it down!//Do you not like me anymore?/-999, -20/Surprise gifts are nice.",
		"{{ModId}}_Seguin": "This is great! I love it!//What a pleasant surprise!//Huh. I... oh, thank you?//Oh, no. No, no, no./-999, -20/I don't mind it.",
		"{{ModId}}_Shuck": "Awhoo!//*Pants happily*//*Whine*//Grrr.../-999, -20/Huf.",
		"{{ModId}}_Siphiwe": "I love it!//I like it.//I don't like it.//I hate it/-999, -20/Thanks.",
		"{{ModId}}_Story": "I love it!//I like it.//I don't like it.//I hate it/-999, -20/Thanks.",
		"{{ModId}}_Dara": "I love it!//I like it.//I don't like it.//I hate it/-999, -20/Thanks.",
		"{{ModId}}_Thandiwe": "I love it!//I like it.//I don't like it.//I hate it/-999, -20/Thanks.",
				
				
			}
		},
]
}