{
  "Format": "2.0.0",
  //Add locations
  "CustomLocations":
  [
  {
      "Name": "FernRiver_FairyForest",
      "FromMapFile": "assets/Maps/FernRiver_FairyForest.tmx"
    },
	{
      "Name": "FernRiver_PotteryShed",
      "FromMapFile": "assets/Maps/FernRiver_PotteryShed.tmx"
    },
	{
      "Name": "FernRiver_WarpRoomTown",
      "FromMapFile": "assets/Maps/FernRiver_WarpRoomTown.tmx"
    },
	{
      "Name": "FernRiver_WarpRoomWater",
      "FromMapFile": "assets/Maps/FernRiver_WarpRoomWater.tmx"
    },
	{
      "Name": "FernRiver_WarpRoomLabyrinth",
      "FromMapFile": "assets/Maps/FernRiver_WarpRoomLabyrinth.tmx"
    },
	{
      "Name": "FernRiver_WarpRoomQuietCove",
      "FromMapFile": "assets/Maps/FernRiver_WarpRoomQuietCove.tmx"
    },
	 {
      "Name": "FernRiver_GandayahHouse",
      "FromMapFile": "assets/Maps/FernRiver_GandayahHouse.tmx"
    },
	 {
      "Name": "FernRiver_GeneralStore",
      "FromMapFile": "assets/Maps/FernRiver_GeneralStore.tmx"
    },
	 {
      "Name": "FernRiver_IweHouse",
      "FromMapFile": "assets/Maps/FernRiver_IweHouse.tmx"
    },
	 {
      "Name": "FernRiver_KekoaHouse",
      "FromMapFile": "assets/Maps/FernRiver_KekoaHouse.tmx"
    },
	 {
      "Name": "FernRiver_KinnaraHouse",
      "FromMapFile": "assets/Maps/FernRiver_KinnaraHouse.tmx"
    },
	 {
      "Name": "FernRiver_LabyrinthFernValley",
      "FromMapFile": "assets/Maps/FernRiver_LabyrinthFernValley.tmx"
    },
	{
      "Name": "FernRiver_ConnectingWoods",
      "FromMapFile": "assets/Maps/FernRiver_ConnectingWoods.tmx"
    },
	 {
      "Name": "FernRiver_MorguinHouse1",
      "FromMapFile": "assets/Maps/FernRiver_MorguinHouse1.tmx"
    },
	 {
      "Name": "FernRiver_MorguinHouse2",
      "FromMapFile": "assets/Maps/FernRiver_MorguinHouse2.tmx"
    },
	 {
      "Name": "FernRiver_PariHouse",
      "FromMapFile": "assets/Maps/FernRiver_PariHouse.tmx"
    },
	 {
      "Name": "FernRiver_PatryHouse",
      "FromMapFile": "assets/Maps/FernRiver_PatryHouse.tmx"
    },
	 {
      "Name": "FernRiver_Ryokan",
      "FromMapFile": "assets/Maps/FernRiver_Ryokan.tmx"
    },
	 {
      "Name": "FernRiver_SabelaHouse",
      "FromMapFile": "assets/Maps/FernRiver_SabelaHouse.tmx"
    },
	 {
      "Name": "FernRiver_StoryHouse",
      "FromMapFile": "assets/Maps/FernRiver_StoryHouse.tmx"
    },
	 {
      "Name": "FernRiver_StoryHouse2",
      "FromMapFile": "assets/Maps/FernRiver_StoryHouse2.tmx"
    },
	 {
      "Name": "FernRiver_TownFernValley",
      "FromMapFile": "assets/Maps/FernRiver_TownFernValley.tmx"
    },
	 {
      "Name": "FernRiver_WaterFernValley",
      "FromMapFile": "assets/Maps/FernRiver_WaterFernValley.tmx"
    },
	{
      "Name": "FernRiver_ShuckHouse",
      "FromMapFile": "assets/Maps/FernRiver_ShuckHouse.tmx"
    },
	 {
      "Name": "FernRiver_YumbaHouse",
      "FromMapFile": "assets/Maps/FernRiver_YumbaHouse.tmx"
    },
	{
		 "Name": "FernRiver_TownWarptoFR",
      "FromMapFile": "assets/Maps/FernRiver_TownWarptoFR.tmx"
    },
	 {
		 "Name": "FernRiver_QuietCove",
      "FromMapFile": "assets/Maps/FernRiver_QuietCove.tmx"
    },
	],
	//Add Files
	 "Changes": [
                {               
			"Action": "Include",
			"FromFile": "data/FishData.json, data/NPCGiftTastes.json, data/Objects.json, data/Locations.json, data/Minecarts.json",
		},
		//Warp
	  { 
            "Action": "EditMap",
            "Target": "Maps/Town",
            "FromFile": "Assets/Maps/FernRiver_TownWarptoFR.tmx",
            "PatchMode": "Replace",
            "ToArea": {
                "X": 105,
                "Y": 13,
                "Width": 7,
                "Height": 9
            },
        },
		 {
            "Action": "EditMap",
            "Target": "Maps/Town",
            "TextOperations": [
                {
                    "Operation": "Append",
                    "Target": [
                        "MapProperties",
                        "Warp"
                    ],
                    "Value": "108 18 FernRiver_TownFernValley 26 45",
                    "Delimiter": " "
                }
            ],
         },
	//Add Map Tilesheets
		  {
            "Action": "Load",
            "Target": "FernRiver/fall_zFRBuildings, FernRiver/spring_zFRBuildings, FernRiver/summer_zFRBuildings, FernRiver/winter_zFRBuildings, FernRiver/zBonster's Condensed Interior, FernRiver/Rugs",
            "FromFile": "assets/Maps/{{TargetWithoutPath}}.png"
        },
	{
   		 "LogName": "Blank JSON load",
        	"Action": "Load",
        	"Target": "Characters/Dialogue/{{ModId}}_Camila, Characters/schedules/{{ModId}}_Camila, Strings/schedules/{{ModId}}_Camila, Characters/Dialogue/{{ModId}}_Adejens, Characters/schedules/{{ModId}}_Adejens, Strings/schedules/{{ModId}}_Adejens, Characters/Dialogue/{{ModId}}_Afia, Characters/schedules/{{ModId}}_Afia, Strings/schedules/{{ModId}}_Afia, Characters/Dialogue/{{ModId}}_Alonso, Characters/schedules/{{ModId}}_Alonso, Strings/schedules/{{ModId}}_Alonso, Characters/Dialogue/{{ModId}}_Amadi, Characters/schedules/{{ModId}}_Amadi, Strings/schedules/{{ModId}}_Amadi, Characters/Dialogue/{{ModId}}_Anwen, Characters/schedules/{{ModId}}_Anwen, Strings/schedules/{{ModId}}_Anwen, Characters/Dialogue/{{ModId}}_Arun, Characters/schedules/{{ModId}}_Arun, Strings/schedules/{{ModId}}_Arun, Characters/Dialogue/{{ModId}}_Cayo, Characters/schedules/{{ModId}}_Cayo, Strings/schedules/{{ModId}}_Cayo, Characters/Dialogue/{{ModId}}_Chanthira, Characters/schedules/{{ModId}}_Chanthira, Strings/schedules/{{ModId}}_Chanthira, Characters/Dialogue/{{ModId}}_Fable, Characters/schedules/{{ModId}}_Fable, Strings/schedules/{{ModId}}_Fable, Characters/Dialogue/{{ModId}}_Fintan, Characters/schedules/{{ModId}}_Fintan, Strings/schedules/{{ModId}}_Fintan, Characters/Dialogue/{{ModId}}_Flori, Characters/schedules/{{ModId}}_Flori, Strings/schedules/{{ModId}}_Flori, Characters/Dialogue/{{ModId}}_Inacio, Characters/schedules/{{ModId}}_Inacio, Strings/schedules/{{ModId}}_Inacio, Characters/Dialogue/{{ModId}}_Ikenna, Characters/schedules/{{ModId}}_Ikenna, Strings/schedules/{{ModId}}_Ikenna, Characters/Dialogue/{{ModId}}_Ivie, Characters/schedules/{{ModId}}_Ivie, Strings/schedules/{{ModId}}_Ivie, Characters/Dialogue/{{ModId}}_Kahwihta, Characters/schedules/{{ModId}}_Kahwihta, Strings/schedules/{{ModId}}_Kahwihta, Characters/Dialogue/{{ModId}}_Kekoa, Characters/schedules/{{ModId}}_Kekoa, Strings/schedules/{{ModId}}_Kekoa, Characters/Dialogue/{{ModId}}_Legend, Characters/schedules/{{ModId}}_Legend, Strings/schedules/{{ModId}}_Legend, Characters/Dialogue/{{ModId}}_Mali, Characters/schedules/{{ModId}}_Mali, Strings/schedules/{{ModId}}_Mali, Characters/Dialogue/{{ModId}}_Malkin, Characters/schedules/{{ModId}}_Malkin, Strings/schedules/{{ModId}}_Malkin, Characters/Dialogue/{{ModId}}_Morgana, Characters/schedules/{{ModId}}_Morgana, Strings/schedules/{{ModId}}_Morgana, Characters/Dialogue/{{ModId}}_Nilufar, Characters/schedules/{{ModId}}_Nilufar, Strings/schedules/{{ModId}}_Nilufar, Characters/Dialogue/{{ModId}}_Ojistah, Characters/schedules/{{ModId}}_Ojistah, Strings/schedules/{{ModId}}_Ojistah, Characters/Dialogue/{{ModId}}_Oralia, Characters/schedules/{{ModId}}_Oralia, Strings/schedules/{{ModId}}_Oralia, Characters/Dialogue/{{ModId}}_Parvaneh, Characters/schedules/{{ModId}}_Parvaneh, Strings/schedules/{{ModId}}_Parvaneh, Characters/Dialogue/{{ModId}}_Sabela, Characters/schedules/{{ModId}}_Sabela, Strings/schedules/{{ModId}}_Sabela, Characters/Dialogue/{{ModId}}_Seguin, Characters/schedules/{{ModId}}_Seguin, Strings/schedules/{{ModId}}_Seguin, Characters/Dialogue/{{ModId}}_Shuck, Characters/schedules/{{ModId}}_Shuck, Strings/schedules/{{ModId}}_Shuck, Characters/Dialogue/{{ModId}}_Siphiwe, Characters/schedules/{{ModId}}_Siphiwe, Strings/schedules/{{ModId}}_Siphiwe, Characters/Dialogue/{{ModId}}_Story, Characters/schedules/{{ModId}}_Story, Strings/schedules/{{ModId}}_Story, Characters/Dialogue/{{ModId}}_Dara, Characters/schedules/{{ModId}}_Dara, Strings/schedules/{{ModId}}_Dara, Characters/Dialogue/{{ModId}}_Thandiwe, Characters/schedules/{{ModId}}_Thandiwe, Strings/schedules/{{ModId}}_Thandiwe",
        	"FromFile": "Characters/data/blank.json",
   	 },
	 {
        	"LogName": "Create disposition",
   		 "Action": "Include",
   		 "FromFile": "Characters/data/disposition.json"
    	},
		{
        	"LogName": "Base Portraits",
        	"Action": "Load",
        	"Target": "Portraits/{{ModId}}_Camila",
        	"FromFile": "Characters/assets/Camila.png",
   	 },
	 {
        	"LogName": "Base Sprites",
        	"Action": "Load",
        	"Target": "Characters/{{ModId}}_Camila",
        	"FromFile": "Characters/assets/Camilasprites.png",
   	 },
	 {
        	"LogName": "Base Portraits",
        	"Action": "Load",
        	"Target": "Portraits/{{ModId}}_Adejens",
        	"FromFile": "Characters/assets/Adejens.png",
   	 },
	 {
        	"LogName": "Base Sprites",
        	"Action": "Load",
        	"Target": "Characters/{{ModId}}_Adejens",
        	"FromFile": "Characters/assets/Adejenssprites.png",
   	 },
	 ,
	 {
        	"LogName": "Base Portraits",
        	"Action": "Load",
        	"Target": "Portraits/{{ModId}}_Afia",
        	"FromFile": "Characters/assets/Afia.png",
   	 },
	 {
        	"LogName": "Base Sprites",
        	"Action": "Load",
        	"Target": "Characters/{{ModId}}_Afia",
        	"FromFile": "Characters/assets/Afiasprites.png",
   	 },
	 ,
	 {
        	"LogName": "Base Portraits",
        	"Action": "Load",
        	"Target": "Portraits/{{ModId}}_Alonso",
        	"FromFile": "Characters/assets/Alonso.png",
   	 },
	 {
        	"LogName": "Base Sprites",
        	"Action": "Load",
        	"Target": "Characters/{{ModId}}_Alonso",
        	"FromFile": "Characters/assets/Alonsosprites.png",
   	 },
	 {
        	"LogName": "Base Portraits",
        	"Action": "Load",
        	"Target": "Portraits/{{ModId}}_Amadi",
        	"FromFile": "Characters/assets/Amadi.png",
   	 },
	 {
        	"LogName": "Base Sprites",
        	"Action": "Load",
        	"Target": "Characters/{{ModId}}_Amadi",
        	"FromFile": "Characters/assets/Amadisprites.png",
   	 },
	 {
        	"LogName": "Base Portraits",
        	"Action": "Load",
        	"Target": "Portraits/{{ModId}}_Anwen",
        	"FromFile": "Characters/assets/Anwen.png",
   	 },
	 {
        	"LogName": "Base Sprites",
        	"Action": "Load",
        	"Target": "Characters/{{ModId}}_Anwen",
        	"FromFile": "Characters/assets/Anwensprites.png",
   	 },
	  {
        	"LogName": "Base Portraits",
        	"Action": "Load",
        	"Target": "Portraits/{{ModId}}_Arun",
        	"FromFile": "Characters/assets/Arun.png",
   	 },
	 {
        	"LogName": "Base Sprites",
        	"Action": "Load",
        	"Target": "Characters/{{ModId}}_Arun",
        	"FromFile": "Characters/assets/Arunsprites.png",
   	 },
	  {
        	"LogName": "Base Portraits",
        	"Action": "Load",
        	"Target": "Portraits/{{ModId}}_Cayo",
        	"FromFile": "Characters/assets/Cayo.png",
   	 },
	 {
        	"LogName": "Base Sprites",
        	"Action": "Load",
        	"Target": "Characters/{{ModId}}_Cayo",
        	"FromFile": "Characters/assets/Cayosprites.png",
   	 },
	  {
        	"LogName": "Base Portraits",
        	"Action": "Load",
        	"Target": "Portraits/{{ModId}}_Chanthira",
        	"FromFile": "Characters/assets/Chanthira.png",
   	 },
	 {
        	"LogName": "Base Sprites",
        	"Action": "Load",
        	"Target": "Characters/{{ModId}}_Chanthira",
        	"FromFile": "Characters/assets/Chanthirasprites.png",
   	 },
	  {
        	"LogName": "Base Portraits",
        	"Action": "Load",
        	"Target": "Portraits/{{ModId}}_Fable",
        	"FromFile": "Characters/assets/Fable.png",
   	 },
	 {
        	"LogName": "Base Sprites",
        	"Action": "Load",
        	"Target": "Characters/{{ModId}}_Fable",
        	"FromFile": "Characters/assets/Fablesprites.png",
   	 },
	  {
        	"LogName": "Base Portraits",
        	"Action": "Load",
        	"Target": "Portraits/{{ModId}}_Fintan",
        	"FromFile": "Characters/assets/Fintan.png",
   	 },
	 {
        	"LogName": "Base Sprites",
        	"Action": "Load",
        	"Target": "Characters/{{ModId}}_Fintan",
        	"FromFile": "Characters/assets/Fintansprites.png",
   	 },
	  {
        	"LogName": "Base Portraits",
        	"Action": "Load",
        	"Target": "Portraits/{{ModId}}_Flori",
        	"FromFile": "Characters/assets/Flori.png",
   	 },
	 {
        	"LogName": "Base Sprites",
        	"Action": "Load",
        	"Target": "Characters/{{ModId}}_Flori",
        	"FromFile": "Characters/assets/Florisprites.png",
   	 },
	  {
        	"LogName": "Base Portraits",
        	"Action": "Load",
        	"Target": "Portraits/{{ModId}}_Ikenna",
        	"FromFile": "Characters/assets/Ikenna.png",
   	 },
	 {
        	"LogName": "Base Sprites",
        	"Action": "Load",
        	"Target": "Characters/{{ModId}}_Ikenna",
        	"FromFile": "Characters/assets/Ikennasprites.png",
   	 },
	  {
        	"LogName": "Base Portraits",
        	"Action": "Load",
        	"Target": "Portraits/{{ModId}}_Inacio",
        	"FromFile": "Characters/assets/Inacio.png",
   	 },
	 {
        	"LogName": "Base Sprites",
        	"Action": "Load",
        	"Target": "Characters/{{ModId}}_Inacio",
        	"FromFile": "Characters/assets/Inaciosprites.png",
   	 },
	  {
        	"LogName": "Base Portraits",
        	"Action": "Load",
        	"Target": "Portraits/{{ModId}}_Ivie",
        	"FromFile": "Characters/assets/Ivie.png",
   	 },
	 {
        	"LogName": "Base Sprites",
        	"Action": "Load",
        	"Target": "Characters/{{ModId}}_Ivie",
        	"FromFile": "Characters/assets/Iviesprites.png",
   	 },
	  {
        	"LogName": "Base Portraits",
        	"Action": "Load",
        	"Target": "Portraits/{{ModId}}_Kahwihta",
        	"FromFile": "Characters/assets/Kahwihta.png",
   	 },
	 {
        	"LogName": "Base Sprites",
        	"Action": "Load",
        	"Target": "Characters/{{ModId}}_Kahwihta",
        	"FromFile": "Characters/assets/Kahwihtasprites.png",
   	 },
	  {
        	"LogName": "Base Portraits",
        	"Action": "Load",
        	"Target": "Portraits/{{ModId}}_Kekoa",
        	"FromFile": "Characters/assets/Kekoa.png",
   	 },
	 {
        	"LogName": "Base Sprites",
        	"Action": "Load",
        	"Target": "Characters/{{ModId}}_Kekoa",
        	"FromFile": "Characters/assets/Kekoasprites.png",
   	 },
	  {
        	"LogName": "Base Portraits",
        	"Action": "Load",
        	"Target": "Portraits/{{ModId}}_Legend",
        	"FromFile": "Characters/assets/Legend.png",
   	 },
	 {
        	"LogName": "Base Sprites",
        	"Action": "Load",
        	"Target": "Characters/{{ModId}}_Legend",
        	"FromFile": "Characters/assets/Legendsprites.png",
   	 },
	  {
        	"LogName": "Base Portraits",
        	"Action": "Load",
        	"Target": "Portraits/{{ModId}}_Mali",
        	"FromFile": "Characters/assets/Mali.png",
   	 },
	 {
        	"LogName": "Base Sprites",
        	"Action": "Load",
        	"Target": "Characters/{{ModId}}_Mali",
        	"FromFile": "Characters/assets/Malisprites.png",
   	 },
	  {
        	"LogName": "Base Portraits",
        	"Action": "Load",
        	"Target": "Portraits/{{ModId}}_Malkin",
        	"FromFile": "Characters/assets/Malkin.png",
   	 },
	 {
        	"LogName": "Base Sprites",
        	"Action": "Load",
        	"Target": "Characters/{{ModId}}_Malkin",
        	"FromFile": "Characters/assets/Malkinsprites.png",
   	 },
	  {
        	"LogName": "Base Portraits",
        	"Action": "Load",
        	"Target": "Portraits/{{ModId}}_Morgana",
        	"FromFile": "Characters/assets/Morgana.png",
   	 },
	 {
        	"LogName": "Base Sprites",
        	"Action": "Load",
        	"Target": "Characters/{{ModId}}_Morgana",
        	"FromFile": "Characters/assets/Morganasprites.png",
   	 },
	  {
        	"LogName": "Base Portraits",
        	"Action": "Load",
        	"Target": "Portraits/{{ModId}}_Nilufar",
        	"FromFile": "Characters/assets/Nilufar.png",
   	 },
	 {
        	"LogName": "Base Sprites",
        	"Action": "Load",
        	"Target": "Characters/{{ModId}}_Nilufar",
        	"FromFile": "Characters/assets/Nilufarsprites.png",
   	 },
	  {
        	"LogName": "Base Portraits",
        	"Action": "Load",
        	"Target": "Portraits/{{ModId}}_Ojistah",
        	"FromFile": "Characters/assets/Ojistah.png",
   	 },
	 {
        	"LogName": "Base Sprites",
        	"Action": "Load",
        	"Target": "Characters/{{ModId}}_Ojistah",
        	"FromFile": "Characters/assets/Ojistahsprites.png",
   	 },
	  {
        	"LogName": "Base Portraits",
        	"Action": "Load",
        	"Target": "Portraits/{{ModId}}_Oralia",
        	"FromFile": "Characters/assets/Oralia.png",
   	 },
	 {
        	"LogName": "Base Sprites",
        	"Action": "Load",
        	"Target": "Characters/{{ModId}}_Oralia",
        	"FromFile": "Characters/assets/Oraliasprites.png",
   	 }, 
	 {
        	"LogName": "Base Portraits",
        	"Action": "Load",
        	"Target": "Portraits/{{ModId}}_Parvaneh",
        	"FromFile": "Characters/assets/Parvaneh.png",
   	 },
	 {
        	"LogName": "Base Sprites",
        	"Action": "Load",
        	"Target": "Characters/{{ModId}}_Parvaneh",
        	"FromFile": "Characters/assets/Parvanehsprites.png",
   	 },
	  {
        	"LogName": "Base Portraits",
        	"Action": "Load",
        	"Target": "Portraits/{{ModId}}_Sabela",
        	"FromFile": "Characters/assets/Sabela.png",
   	 },
	 {
        	"LogName": "Base Sprites",
        	"Action": "Load",
        	"Target": "Characters/{{ModId}}_Sabela",
        	"FromFile": "Characters/assets/Sabelasprites.png",
   	 },
	  {
        	"LogName": "Base Portraits",
        	"Action": "Load",
        	"Target": "Portraits/{{ModId}}_Seguin",
        	"FromFile": "Characters/assets/Seguin.png",
   	 },
	 {
        	"LogName": "Base Sprites",
        	"Action": "Load",
        	"Target": "Characters/{{ModId}}_Seguin",
        	"FromFile": "Characters/assets/Seguinsprites.png",
   	 },
	  {
        	"LogName": "Base Portraits",
        	"Action": "Load",
        	"Target": "Portraits/{{ModId}}_Shuck",
        	"FromFile": "Characters/assets/Shuck.png",
   	 },
	 {
        	"LogName": "Base Sprites",
        	"Action": "Load",
        	"Target": "Characters/{{ModId}}_Shuck",
        	"FromFile": "Characters/assets/Shucksprites.png",
   	 },
	  {
        	"LogName": "Base Portraits",
        	"Action": "Load",
        	"Target": "Portraits/{{ModId}}_Siphiwe",
        	"FromFile": "Characters/assets/Siphiwe.png",
   	 },
	 {
        	"LogName": "Base Sprites",
        	"Action": "Load",
        	"Target": "Characters/{{ModId}}_Siphiwe",
        	"FromFile": "Characters/assets/Siphiwesprites.png",
   	 },
	  {
        	"LogName": "Base Portraits",
        	"Action": "Load",
        	"Target": "Portraits/{{ModId}}_Story",
        	"FromFile": "Characters/assets/Story.png",
   	 },
	 {
        	"LogName": "Base Sprites",
        	"Action": "Load",
        	"Target": "Characters/{{ModId}}_Story",
        	"FromFile": "Characters/assets/Storysprites.png",
   	 },
	  {
        	"LogName": "Base Portraits",
        	"Action": "Load",
        	"Target": "Portraits/{{ModId}}_Dara",
        	"FromFile": "Characters/assets/Dara.png",
   	 },
	 {
        	"LogName": "Base Sprites",
        	"Action": "Load",
        	"Target": "Characters/{{ModId}}_Dara",
        	"FromFile": "Characters/assets/Darasprites.png",
   	 },
	  {
        	"LogName": "Base Portraits",
        	"Action": "Load",
        	"Target": "Portraits/{{ModId}}_Thandiwe",
        	"FromFile": "Characters/assets/Thandiwe_indoors.png",
   	 },
	 {
        	"LogName": "Base Sprites",
        	"Action": "Load",
        	"Target": "Characters/{{ModId}}_Thandiwe",
        	"FromFile": "Characters/assets/Thandiwespritesindoors.png",
   	 },
	 {
        	"LogName": "Dialogue",
   		 "Action": "Include",
   		 "FromFile": "Characters/data/dialogue/Adejens.json, Characters/data/dialogue/Afia.json, Characters/data/dialogue/Alonso.json, Characters/data/dialogue/Amadi.json, Characters/data/dialogue/Anwen.json, Characters/data/dialogue/Arun.json, Characters/data/dialogue/Camila.json, Characters/data/dialogue/Cayo.json, Characters/data/dialogue/Chanthira.json, Characters/data/dialogue/Dara.json, Characters/data/dialogue/Fable.json, Characters/data/dialogue/Fintan.json, Characters/data/dialogue/Flori.json, Characters/data/dialogue/Ikenna.json, Characters/data/dialogue/Inacio.json, Characters/data/dialogue/Ivie.json, Characters/data/dialogue/Kahwihta.json, Characters/data/dialogue/Kekoa.json, Characters/data/dialogue/Legend.json, Characters/data/dialogue/Mali.json, Characters/data/dialogue/Malkin.json, Characters/data/dialogue/Morgana.json, Characters/data/dialogue/Nilufar.json, Characters/data/dialogue/Ojistah.json, Characters/data/dialogue/Oralia.json, Characters/data/dialogue/Parvaneh.json, Characters/data/dialogue/Sabela.json, Characters/data/dialogue/Seguin.json, Characters/data/dialogue/Shuck.json, Characters/data/dialogue/Siphiwe.json, Characters/data/dialogue/Story.json, Characters/data/dialogue/Thandiwe.json"
    	},
	 	{
        	"LogName": "Schedule",
   		 "Action": "Include",
   		 "FromFile": "Characters/data/schedule/Adejens.json, Characters/data/schedule/Afia.json, Characters/data/schedule/Alonso.json, Characters/data/schedule/Amadi.json, Characters/data/schedule/Anwen.json, Characters/data/schedule/Arun.json, Characters/data/schedule/Camila.json, Characters/data/schedule/Cayo.json, Characters/data/schedule/Chanthira.json, Characters/data/schedule/Dara.json, Characters/data/schedule/Fable.json, Characters/data/schedule/Fintan.json, Characters/data/schedule/Flori.json, Characters/data/schedule/Ikenna.json, Characters/data/schedule/Inacio.json, Characters/data/schedule/Ivie.json, Characters/data/schedule/Kahwihta.json, Characters/data/schedule/Kekoa.json, Characters/data/schedule/Legend.json, Characters/data/schedule/Mali.json, Characters/data/schedule/Malkin.json, Characters/data/schedule/Morgana.json, Characters/data/schedule/Nilufar.json, Characters/data/schedule/Ojistah.json, Characters/data/schedule/Oralia.json, Characters/data/schedule/Parvaneh.json, Characters/data/schedule/Sabela.json, Characters/data/schedule/Seguin.json, Characters/data/schedule/Shuck.json, Characters/data/schedule/Siphiwe.json, Characters/data/schedule/Story.json, Characters/data/schedule/Thandiwe.json"
    	},
		{
   		 "LogName": "Gift Tastes Include",
   		 "Action": "Include",
   		 "FromFile": "Characters/data/gifttastes.json"
   	 },
	 {
   		 "LogName": "Animations include",
   		 "Action": "Include",
   		 "FromFile": "Characters/data/animations.json"
   	 },
]
}