{
"Changes":
	[
 {
        	"LogName": "Adejens's Schedule",
        	"Action": "EditData",
        	"Target": "Characters/schedules/{{ModId}}_Adejens",
   		 "Entries": {
   			"Mon": "0700 FernRiver_GandayahHouse 13 24 0/0900 FernRiver_GandayahHouse 19 43 2/1700 FernRiver_TownFernValley 82 106 3/2000 FernRiver_GandayahHouse 28 47 Adejens_drums/2200 FernRiver_GandayahHouse 17 24 3",
			"Tues": "0700 FernRiver_GandayahHouse 13 24 0/1000 FernRiver_KinnaraHouse 32 28 Adejens_drums/1700 FernRiver_WaterFernValley 89 83 3/2000 FernRiver_GandayahHouse 17 24 3",
			"Wed": "0700 FernRiver_GandayahHouse 13 24 0/0900 FernRiver_GandayahHouse 19 43 2/1700 FernRiver_TownFernValley 82 106 3/2000 FernRiver_GandayahHouse 28 47 Adejens_drums/2200 FernRiver_GandayahHouse 17 24 3",
			"Thur": "0700 FernRiver_TownFernValley 70 90 2/1100 53 99 3/1400 FernRiver_GeneralStore 7 32 2 1500 FernRiver_GeneralStore 2 36 3/1700 FernRiver_GeneralStore 36 41 1/hang with daughter/2200 FernRiver_GandayahHouse 17 24 3",
			"Fri": "0700 FernRiver_GandayahHouse 13 24 0/0900 FernRiver_GandayahHouse 19 43 2/1700 FernRiver_TownFernValley 82 106 3/2000 FernRiver_GandayahHouse 28 47 Adejens_drums/2200 FernRiver_GandayahHouse 17 24 3",
			"Sat": "0900 FernRiver_TownFernValley (bandstand)/1700 FernRiver_GeneralStore 23 38 1/2200 FernRiver_GandayahHouse 17 24 3",
			"Sun": "0900 FernRiver_FairyForest 23 28 0/1000 FernRiver_FairyForest 36 28 1/1400 FernRiver_ConnectingWoods 25 33 1/2000 FernRiver_GandayahHouse 17 24 3", 
   		 },
    	},
		]
		}