{
"Changes":
	[
 //Super Basic Schedules
 {
        	"LogName": "Camila's Schedule",
        	"Action": "EditData",
        	"Target": "Characters/schedules/{{ModId}}_Camila",
   		 "Entries": {
   			 
   			"Mon": "0900 FernRiver_GeneralStore 15 28 1800 2/ 1900 FernRiver_GeneralStore 35 10 2/2100 FernRiver_TownFernValley 40 29 1/2200 FernRiver_GeneralStore 27 4 3",
		 "Tues": "0900 FernRiver_GeneralStore 15 28 1800 2/ 1800 FernRiver_GeneralStore 35 10 2/2100 FernRiver_GeneralStore 15 34 1/2200 FernRiver_GeneralStore 27 4 3",
		 "Wed": "0900 FernRiver_GeneralStore 15 28 1800 2/ 1800 FernRiver_GeneralStore 35 10 2/2100 FernRiver_GeneralStore 26 31 2/2400 FernRiver_GeneralStore 27 4 3",
		 "Thur": "0900 FernRiver_GeneralStore 15 28 1800 2/ 1800 FernRiver_GeneralStore 35 10 2/2100 FernRiver_TownFernValley 40 29 1/2400 FernRiver_GeneralStore 27 4 3",
		 "Fri": "0900 FernRiver_GeneralStore 15 28 1800 2/ 1800 FernRiver_GeneralStore 35 10 2/2100 FernRiver_GeneralStore 26 31 2/2400 FernRiver_GeneralStore 27 4 3",
		 "Sat": "0700 FernRiver_TownFernValley 32 41 2/ 0900 FernRiver_TownFernValley 65 43 2/1200 FernRiver_FairyForest 23 28 2/ 1500 FernRiver_GeneralStore 35 10 2/ 2200 FernRiver_GeneralStore 27 4 3",
		 "Sun": "0900 FernRiver_GeneralStore 15 28 2/1130 FernRiver_GeneralStore 31 30 2/2200 FernRiver_GeneralStore 27 4 3"
   			 
   		 },
    	},
		]
		}