{
"Changes":
	[
 {
        	"LogName": "Fable's Schedule",
        	"Action": "EditData",
        	"Target": "Characters/schedules/{{ModId}}_Fable",
   		 "Entries": {
			 "Mon": "0800 FernRiver_StoryHouse2 17 7 0/1000 FernRiver_StoryHouse 4 20 1/1600 FernRiver_TownFernValley 92 35 3/1900 FernRiver_StoryHouse2 17 7 0/2200 FernRiver_StoryHouse2 14 22 1",
			 "Tues": "0800 FernRiver_StoryHouse 15 8 2/1000 FernRiver_StoryHouse2 9 19 1 Fable_tellingsit/1600 FernRiver_TownFernValley 92 35 3/1900 FernRiver_StoryHouse2 17 7 0/2200 FernRiver_StoryHouse2 14 22 1",
			 "Wed": "0800 FernRiver_StoryHouse 15 8 2/1000 FernRiver_StoryHouse2 9 19 1 Fable_tellingsit/1600 FernRiver_TownFernValley 92 35 3/1900 FernRiver_StoryHouse2 17 7 0/2200 FernRiver_StoryHouse2 14 22 1",
			 "Thur": "0800 FernRiver_TownFernValley 50 44 2/1200 FernRiver_GeneralStore 6 35 1/1500 FernRiver_GeneralStore 35 32 0/1900 FernRiver_TownFernValley 64 43 1/2000 FernRiver_StoryHouse2 14 22 1",
			 "Fri": "0800 FernRiver_StoryHouse 15 8 2/1000 FernRiver_StoryHouse2 9 19 1 Fable_tellingsit/1600 FernRiver_TownFernValley 92 35 3/1900 FernRiver_StoryHouse2 17 7 0/2200 FernRiver_StoryHouse2 14 22 1",
			 "Sat": "0900 FernRiver_TownFernValley 64 43 0/1100 FernRiver_TownFernValley 31 47 1/1700 FernRiver_GeneralStore 25 41 3/2200 FernRiver_StoryHouse2 14 22 1",
			 "Sun": "0800 FernRiver_FairyForest 22 28 0/0900 FernRiver_FairyForest 21 21 0/1000 FernRiver_FairyForest 12 20 2/1400 FernRiver_QuietCove 30 6 2/2000 FernRiver_StoryHouse2 14 22 1",
			 "Spring": "0800 FernRiver_StoryHouse 9 20 2"
			 //Bed FernRiver_StoryHouse2 14 22 1
   		 },
    	},
		]
		}