{
"Changes":
	[
{
        	"LogName": "Ojistah's Schedule",
        	"Action": "EditData",
        	"Target": "Characters/schedules/{{ModId}}_Ojistah",
   		 "Entries": {
			 "Mon": "0800 FernRiver_GandayahHouse 7 31 0/0900 FernRiver_GandayahHouse 28 45 Ojistah_weaves/1500 FernRiver_TownFernValley 87 99 3/1900 FernRiver_GandayahHouse 5 47 0/2100 FernRiver_GandayahHouse 19 24 1",
			 "Tues": "0700 FernRiver_GandayahHouse 7 31 0/0900 FernRiver_GandayahHouse 20 43 2/1700 FernRiver_GandayahHouse 28 45 Ojistah_weaves/2100 FernRiver_GandayahHouse 19 24 1",
			 "Wed": "0800 FernRiver_GandayahHouse 7 31 0/0900 FernRiver_GandayahHouse 28 45 Ojistah_weaves/1500 FernRiver_TownFernValley 87 99 3/1900 FernRiver_GandayahHouse 5 47 0/2100 FernRiver_GandayahHouse 19 24 1",
			 "Thur": "0700 FernRiver_GandayahHouse 7 31 0/0900 FernRiver_GandayahHouse 20 43 2/1700 FernRiver_GandayahHouse 28 45 Ojistah_weaves/2100 FernRiver_GandayahHouse 19 24 1",
			 "Fri": "0800 FernRiver_GeneralStore 8 38 0/1300 FernRiver_GeneralStore 27 32 0/1700 FernRiver_TownFernValley 66 43 3/2000 FernRiver_GandayahHouse 19 24 1",
			 "Sat": "0700 FernRiver_GandayahHouse 7 31 0/0900 FernRiver_TownFernRiver 62 41 1/FernRiver_GeneralStore 26 38 3/2200 FernRiver_GandayahHouse 19 24 1",
			 "Sun": "0900 FernRiver_FairyForest 24 28 0/1000 FernRiver_FairyForest 37 27 2/1400 FernRiver_ConnectingWoods 25 32 1/2000 FernRiver_GandayahHouse 19 24 1",
   		 },
    	},
		]
		}