{
"Changes":
	[
		{
        	"LogName": "Story's Schedule",
        	"Action": "EditData",
        	"Target": "Characters/schedules/{{ModId}}_Story",
   		 "Entries": {
			"Spring": "1000 FernRiver_GeneralStore 3 39 2",
			"Mon": "0700 FernRiver_StoryHouse 10 9 2 1100/1000 FernRiver_StoryHouse 9 19 2 Story_tellingsit/1600 FernRiver_TownFernValley 67 40 3/1900 FernRiver_StoryHouse 14 22 0/2200 FernRiver_StoryHouse2 14 22 3",
			"Tues": "0900 FernRiver_StoryHouse2 19 7 0/1100 FernRiver_StoryHouse2 9 13 0/1300 FernRiver_GeneralStore 15 34 0/1800 FernRiver_TownFernValley 50 44 2/2200 FernRiver_StoryHouse2 14 22 3",
			"Wed": "0800 FernRiver_LabyrinthFernValley 48 49 2 Story_fishing/1300 FernRiver_TownFernValley 87 102 3/1700 FernRiver_StoryHouse 25 26 0 2200 FernRiver_StoryHouse2 14 22 3",
			"Thurs": "0700 FernRiver_StoryHouse 10 9 2 1100/1000 FernRiver_StoryHouse 9 19 2 Story_tellingsit/1600 FernRiver_TownFernValley 67 40 3/1900 FernRiver_StoryHouse 14 22 0/2200 FernRiver_StoryHouse2 14 22 3",
			"Fri": "0800 FernRiver_StoryHouse 25 26 0/1100 FernRiver_TownFernValley 37 93 2 Story_fishing/1900 FernRiver_StoryHouse 14 22 0/2200 FernRiver_StoryHouse2 14 22 3",
			"Sat": "0900 FernRiver_TownFernRiver 33 46 2 Story_tellingstand/1700 FernRiver_GeneralStore 23 41 1/2200 FernRiver_StoryHouse2 14 22 3",
			"Sun": "0800 FernRiver_FairyForest 24 28 0/0900 FernRiver_FairyForest 22 20 0/1000 FernRiver_FairyForest 11 21 1, 1400 Quiet Cove 23 38 2/2000 FernRiver_StoryHouse2 14 22 3"
   		 },
    	},
		]
		}