{
    "Changes": [
        // add minecart destination
        {
            "Action": "EditData",
            "Target": "Data/Minecarts",
            "Entries": {
                "FernRiver.MinecartNetwork": {
				"Desinations": 
				[
				{
                    "Id": "FernRiver.WRT",
                    "DisplayName": "{{i18n:FernRiver.WRT}}",
                    "Condition": "LOCATION_ACCESSIBLE FernRiver_TownFernValley",

                    "TargetLocation": "FernRiver_WarpRoomTown",
                    "TargetTile": { "X": 5, "Y": 6 },
                    "TargetDirection": "down",
				},
				{
                    "Id": "FernRiver.WRW",
                    "DisplayName": "{{i18n:FernRiver.WRW}}",
                    "Condition": "LOCATION_ACCESSIBLE FernRiver_TownFernValley",

                    "TargetLocation": "FernRiver_WarpRoomWater",
                    "TargetTile": { "X": 5, "Y": 6 },
                    "TargetDirection": "down",
				},
				{
                    "Id": "FernRiver.WRL",
                    "DisplayName": "{{i18n:FernRiver.WRL}}",
                    "Condition": "LOCATION_ACCESSIBLE FernRiver_TownFernValley",

                    "TargetLocation": "FernRiver_WarpRoomLabyrinth",
                    "TargetTile": { "X": 5, "Y": 6 },
                    "TargetDirection": "down",
				},
				{
                    "Id": "FernRiver.WRQC",
                    "DisplayName": "{{i18n:FernRiver.WRQC}}",
                    "Condition": "LOCATION_ACCESSIBLE FernRiver_TownFernValley",

                    "TargetLocation": "FernRiver_WarpRoomQuietCove",
                    "TargetTile": { "X": 5, "Y": 6 },
                    "TargetDirection": "down",
				}
				]
                }
            }
        },
    ]
}