{
"Changes":
	[
 {
        	"LogName": "Adejens's Schedule",
        	"Action": "EditData",
        	"Target": "Characters/schedules/{{ModId}}_Adejens",
   		 "Entries": {
   			 //Needs to alternate working days with Ojistah
   			"Mon": "0900 FernRiver_GandayahHouse 19 43 2/ 1800 FernRiver_GandayahHouse 6 43 2/2100 FernRiver_TownFernValley 87 99 1/2300 FernRiver_GandayahHouse 19 23 3",
		 "Tues": "0900 FernRiver_GandayahHouse 19 43 2/ 1800 FernRiver.GandayahHouse 6 43 2/2100 FernRiver_TownFernValley 87 99 1/2300 FernRiver_GandayahHouse 19 23 3",
		 "Wed": "0900 FernRiver_GandayahHouse 19 43 2/ 1800 FernRiver.GandayahHouse 6 43 2/2100 FernRiver_TownFernValley 87 99 1/2300 FernRiver_GandayahHouse 19 23 3",
		 "Thur": "0900 FernRiver_GandayahHouse 19 43 2/ 1800 FernRiver.GandayahHouse 6 43 2/2100 FernRiver_TownFernValley 87 99 1/2300 FernRiver_GandayahHouse 19 23 3",
		 "Fri": "0900 FernRiver_GandayahHouse 19 43 2/ 1800 FernRiver_GandayahHouse 6 43 2/2100 FernRiver_TownFernValley 87 99 1/2300 FernRiver_GandayahHouse 19 23 3",
		 "Sat": "0900 FernRiver_TownFernValley 64 35 2/1500 FernRiver_GeneralStore 7 35 2/1700 FernRiver_GeneralStore 34 34 1/2100 FernRiver_GandayahHouse 19 23 3",
		 "Sun": "0900 FernRiver_FairyForest 25 28 2/1200 FernRiver_QuietCove 16 28 2/1900 FernRiver_GandayahHouse 19 23 3"   			 
   		 },
    	},
		]
		}