{
"Changes":
	[
 {
        	"LogName": "Afia's Schedule",
        	"Action": "EditData",
        	"Target": "Characters/schedules/{{ModId}}_Afia",
   		 "Entries": {
			 "Mon": "0800 FernRiver_YumbaHouse 4 20 2/1000 FernRiver_YumbaHouse 4 25 2/1500 FernRiver_YumbaHouse 47 18 3/2000 FernRiver_YumbaHouse 13 5 2/2200 FernRiver_YumbaHouse 33 7 1",
		 "Tues": "0800 FernRiver_YumbaHouse 4 20 2/1000 FernRiver_YumbaHouse 4 25 2/1500 FernRiver_YumbaHouse 47 18 3/2000 FernRiver_YumbaHouse 13 5 2/2200 FernRiver_YumbaHouse 33 7 1",
		 "Wed": "0800 FernRiver_YumbaHouse 4 20 2/1000 FernRiver_YumbaHouse 4 25 2/1500 FernRiver_YumbaHouse 47 18 3/2000 FernRiver_YumbaHouse 13 5 2/2200 FernRiver_YumbaHouse 33 7 1",
		 "Thur": "0800 FernRiver_YumbaHouse 4 20 2/1000 FernRiver_YumbaHouse 4 25 2/1500 FernRiver_YumbaHouse 47 18 3/2000 FernRiver_YumbaHouse 13 5 2/2200 FernRiver_YumbaHouse 33 7 1",
		 "Fri": "0800 FernRiver_YumbaHouse 4 20 2/1000 FernRiver_YumbaHouse 4 25 2/1500 FernRiver_YumbaHouse 47 18 3/2000 FernRiver_YumbaHouse 13 5 2/2200 FernRiver_YumbaHouse 33 7 1",
		 "Sat": "0800 FernRiver_YumbaHouse 4 20 2/1000 FernRiver_YumbaHouse 4 25 2/1500 FernRiver_YumbaHouse 47 18 3/2000 FernRiver_YumbaHouse 13 5 2/2200 FernRiver_YumbaHouse 33 7 1",
		 "Sun": "0800 FernRiver_YumbaHouse 4 20 2/1000 FernRiver_YumbaHouse 4 25 2/1500 FernRiver_YumbaHouse 47 18 3/2000 FernRiver_YumbaHouse 13 5 2/2200 FernRiver_YumbaHouse 33 7 1",   			 
   		 },
    	},
		]
		}