{
"Changes": 
    [
	//Adejen's Basic dialogue
	{
            "LogName": "Adejens' dialogue",
            "Action": "EditData",
            "Target": "Characters/Dialogue/{{ModId}}_Adejens",
			"Entries": {
				"Introduction": "Hmph. Got work to do.",
// SPECIFIC DIALOGUE
	"MovieInvite_Invited": "Hmm. Well, I suppose if it doesn't take too long.",
	"DumpsterDiveComment": "Gah! What are you doing?",
	"GreenRain": "Nothing wrong with this rain. Don't know why people panic over nothing.", //new event in 1.6
	"GreenRain_2": "I'll have unique dialogue soon, promise!", //new event in 1.6 - year 2 occurrence
	"GreenRainFinished": "I'll have unique dialogue soon, promise!", //new event in 1.6 - used the day after the event
	"AcceptGift_(O)StardropTea": "Well, well. That's nice!",

// GENERIC DIALOGUE
    "Mon": "Need something?", 
    "Tue": "...",
    "Wed": "Need something?",
    "Thu": "...",
    "Fri": "Need something?",
    "Sat": "...",
    "Sun": "What?",

    "Mon2": "Bought a rug yet?", 
    "Tue2": "We were in the city for a while. Miserable place.",
    "Wed2": "What kinda animals you got?",
    "Thu2": "Gonna be a good year for hay.",
    "Fri2": "We were in the city for a while. Miserable place.",
    "Sat2": "Drums are like beating hearts.",
    "Sun2": "Pay your respects to nature today.",

    "Mon4": "Took my wife years to learn to weave so well. Kahwihta will get there someday.", 
    "Tue4": "I'll have unique dialogue soon, promise!",
    "Wed4": "I'll have unique dialogue soon, promise!",
    "Thu4": "I'll have unique dialogue soon, promise!",
    "Fri4": "I'll have unique dialogue soon, promise!",
    "Sat4": "I'll have unique dialogue soon, promise!",
    "Sun4": "I'll have unique dialogue soon, promise!",

    "Mon6": "I'll have unique dialogue soon, promise!",
    "Tue6": "I'll have unique dialogue soon, promise!",
    "Wed6": "I'll have unique dialogue soon, promise!",
    "Thu6": "I'll have unique dialogue soon, promise!",
    "Fri6": "I'll have unique dialogue soon, promise!",
    "Sat6": "I'll have unique dialogue soon, promise!",
    "Sun6": "I'll have unique dialogue soon, promise!",

    "Mon8": "I'll have unique dialogue soon, promise!",
    "Tue8": "I'll have unique dialogue soon, promise!",
    "Wed8": "I'll have unique dialogue soon, promise!",
    "Thu8": "I'll have unique dialogue soon, promise!",
    "Fri8": "I'll have unique dialogue soon, promise!",
    "Sat8": "I'll have unique dialogue soon, promise!",
    "Sun8": "I'll have unique dialogue soon, promise!",

    "Mon10": "I'll have unique dialogue soon, promise!",
    "Tue10": "I'll have unique dialogue soon, promise!",
    "Wed10": "I'll have unique dialogue soon, promise!",
    "Thu10": "I'll have unique dialogue soon, promise!",
    "Fri10": "I'll have unique dialogue soon, promise!",
    "Sat10": "I'll have unique dialogue soon, promise!",
    "Sun10": "I'll have unique dialogue soon, promise!"
			}
        }
		]
}