{
"Changes": 
    [
		{
            "LogName": "Afia's dialogue",
            "Action": "EditData",
            "Target": "Characters/Dialogue/{{ModId}}_Afia",
			"Entries": {
				"Introduction": "Oh, welcome to Fern River. We're fairly new as well.",
// SPECIFIC DIALOGUE
	"MovieInvite_Invited": "A movie? Sure, why not?",
	"DumpsterDiveComment": "Oh, no! No, no, no!",
	"GreenRain": "$1 This rain is amazing! It's a new phenomena!", //new event in 1.6
	"GreenRain_2": "The rain brings new life. This rain accelerates the process.", //new event in 1.6 - year 2 occurrence
	"GreenRainFinished": "I'm soaked from yesterday but I feel wonderful!", //new event in 1.6 - used the day after the event
	"AcceptGift_(O)StardropTea": "$1 Stardrop Tea? I'd be a fool to turn that down!", //new gift reaction - if you don't add this your NPC will spit out a bunch of numbers instead of any dialogue when given this

// GENERIC DIALOGUE
    "Mon": "I hope you're finding your way all right. It's easy to get lost in the woods.", 
    "Tue": "We moved here just two years ago. It took a bit of getting used to.",
    "Wed": "I hope you're finding your way all right. It's easy to get lost in the woods.",
    "Thu": "We moved here just two years ago. It took a bit of getting used to.",
    "Fri": "I hope you're finding your way all right. It's easy to get lost in the woods.",
    "Sat": "It's lovely to have time with the children. $1#b# Although Amani isn't really a child anymore.",
    "Sun": "The Mother Tree is a wonder. Isn't she beautiful?",

    "Mon2": "Fresh herbs and natural forage make the best medicines. Are you well?", 
    "Tue2": "My medicines may taste terrible, but they work well. #b#$1 I do add sugar!",
    "Wed2": "Fresh herbs and natural forage make the best medicines. Are you well?",
    "Thu2": "Fresh herbs and natural forage make the best medicines. Are you well?",
    "Fri2": "My medicines may taste terrible, but they work well. #b#$1 I do add sugar!",
    "Sat2": "Ivie can find just about anything. #b# I just wish she didn't carry half the forest home in her pockets.",
    "Sun2": "Did you remember to leave the Mother Tree an offering? #b# Oh, I forgot you don't live here.",

    "Mon4": "Amadi is so good with his sister. #b# Parenting is hard but seeing them happy together makes it all worthwhile.", 
    "Tue4": "If you find an injured animal, tell Ikenna. He'll soon put it right.",
    "Wed4": "If you find an injured animal, tell Ikenna. He'll soon put it right.",
    "Thu4": "Amadi is so good with his sister. #b# Parenting is hard but seeing them happy together makes it all worthwhile.",
    "Fri4": "If you find an injured animal, tell Ikenna. He'll soon put it right.",
    "Sat4": "Oralia is ever so friendly. Making friends with animals is good for us all.",
    "Sun4": "I made jollof rice for the Mother Tree today. $1#b# I have no idea how to tell if she liked it!",

    "Mon6": "Every season has unique forage, so every season makes unique medicines.",
    "Tue6": "Be careful with mushrooms when you use forage, some are poisonous. #b#$1 I like you more than mushrooms!",
    "Wed6": "Every season has unique forage, so every season makes unique medicines.",
    "Thu6": "Be careful with mushrooms when you use forage, some are poisonous. #b#$1 I like you more than mushrooms!",
    "Fri6": "Every season has unique forage, so every season makes unique medicines.",
    "Sat6": "I grow some medicinal herbs, but the wild ones just seem to work better.",
    "Sun6": "It turns out the Mother Tree *does* like jollof rice. #b# According to Ivie. #b#$1 I think she just wants me to make it every week.",

    "Mon8": "Someday soon Amadi will leave this village. $2#b# When your child grows up, it's sad and happy all at once.",
    "Tue8": "Whatever Amadi chooses to do in life, I hope it brings him joy. #b# I hope the same for you.",
    "Wed8": "Someday soon Amadi will leave this village. $2#b# When your child grows up, it's sad and happy all at once.",
    "Thu8": "Whatever Amadi chooses to do in life, I hope it brings him joy. #b# I hope the same for you.",
    "Fri8": "Someday soon Amadi will leave this village. $2#b# When your child grows up, it's sad and happy all at once.",
    "Sat8": "I worry what Ivie will do when Amadi leaves home.",
    "Sun8": "Ivie has told me that the Mother Tree wants fufu now. #b#$1 I told her she had to pound it herself",

    "Mon10": "The children have all decided to be drummer. #b#$2 On an unrelated note, I made headache medicine last night.",
    "Tue10": "This town has changed since you arrived. For the better, of course.",
    "Wed10": "Ivie brought home half the forest yesterday. #b#I'm sure I'll find something useful.",
    "Thu10": "I wonder what Ivie will be when she grows up?",
    "Fri10": "Amadi is a fine young man. I'm glad you're friends.",
    "Sat10": "Ikenna will never admit he worries about the kids, but he does.",
    "Sun10": "I think the Mother Tree has welcomed you here, as well.",   
   

	// SPECIFIC DAY DIALOGUE
	"spring_1": "The season of growing begins. Blessings on your farm, and you!",
	"summer_1": "The trees help keep us cool... but honestly, they could do a bit better at that.",
	"fall_1": "The changing colors are so beautiful. Soon the trees will rest for the winter.",
	"winter_1": "Brr. I will never get used to the cold. At least the waters here are warm!"
			}
        },
		]
}