{
"Changes": 
    [
 {
            "LogName": "Alonso's dialogue",
            "Action": "EditData",
            "Target": "Characters/Dialogue/{{ModId}}_Alonso",
			"Entries": {
				"Introduction": "What are you doing here?",
// SPECIFIC DIALOGUE
	"MovieInvite_Invited": "I'll have unique dialogue soon, promise!",
	"DumpsterDiveComment": "I'll have unique dialogue soon, promise!",
	"SpouseStardrop": "I'll have unique dialogue soon, promise!",
	"FlowerDance_Accept_Spouse": "I'll have unique dialogue soon, promise!",
    "FlowerDance_Accept": "I'll have unique dialogue soon, promise!",
	"FlowerDance_Decline": "I'll have unique dialogue soon, promise!",
	"GreenRain": "I'll have unique dialogue soon, promise!", //new event in 1.6
	"GreenRain_2": "I'll have unique dialogue soon, promise!", //new event in 1.6 - year 2 occurrence
	"GreenRainFinished": "I'll have unique dialogue soon, promise!", //new event in 1.6 - used the day after the event
	"AcceptGift_(O)StardropTea": "I'll have unique dialogue soon, promise!", //new gift reaction - if you don't add this your NPC will spit out a bunch of numbers instead of any dialogue when given this

// GENERIC DIALOGUE
    "Mon": "Go talk to someone else.", 
    "Tue": "What?",
    "Wed": "I've got stuff to do.",
    "Thu": "Why are you here?",
    "Fri": "Should you be talking to kids like this?",
    "Sat": "What?",
    "Sun": "I'm busy right now.",

    "Mon2": "Why do I have to go to school so much?", 
    "Tue2": "Mama said I have to be more polite. So leave me alone, please.",
    "Wed2": "I guess if you keep giving me stuff I might like you more.",
    "Thu2": "Why do I have to go to school so much?",
    "Sat2": "Why do I have to do chores on Saturday? It's not fair.",
    "Sun2": "Finally, I don't have to do anything! #b#$s I'm... kinda bored.",

    "Mon4": "Hey, fair warning - do *not* tell Flori that sheep doots are cocoa puffs. #b#$s She hits really hard - and it didn't even work!", 
    "Tue4": "Ivie's really good at climbing trees. She's not as good at getting back down. #b# What? I didn't do anything.",
    "Wed4": "Flori's the oldest, but only by five minutes.",
    "Thu4": "Hey, I guess I kinda like you. #b#$h Turns out you *can* buy friendship! #b#$0 Why did you slap your forehead?",
    "Fri4": "$h Dad's making dinner, Dad's making dinner! It's gonna be a winner, 'cause Dad's making dinner!",
    "Sat4": "$u Music or stories... it's a tough choice!",
    "Sun4": "I don't really get what the big deal is about the Mother Tree, really.",

    "Mon6": "Why do grown-ups worry about manners so much?",
    "Tue6": "I want to be big and strong. I eat vegetables all the time.",
    "Wed6": "If bad guys came here, I wouldn't be scared.",
    "Thu6": "What are bad guys like, anyway?",
    "Fri6": "$a Fintan won't teach me to shoot arrows. He says I don't listen hard enough.",
    "Sat6": "$h If you run back and forth between the music and the stories, you get to hear both!",
    "Sun6": "I guess the Mother Tree is kind of neat. But it's still just a tree.",

    "Mon8": "I'll have unique dialogue soon, promise!",
    "Tue8": "I'll have unique dialogue soon, promise!",
    "Wed8": "I'll have unique dialogue soon, promise!",
    "Thu8": "I'll have unique dialogue soon, promise!",
    "Fri8": "I'll have unique dialogue soon, promise!",
    "Sat8": "I'll have unique dialogue soon, promise!",
    "Sun8": "I'll have unique dialogue soon, promise!",

    "Mon10": "I'll have unique dialogue soon, promise!",
    "Tue10": "I'll have unique dialogue soon, promise!",
    "Wed10": "I'll have unique dialogue soon, promise!",
    "Thu10": "I'll have unique dialogue soon, promise!",
    "Fri10": "I'll have unique dialogue soon, promise!",
    "Sat10": "I'll have unique dialogue soon, promise!",
    "Sun10": "I'll have unique dialogue soon, promise!",   
   

	// SPECIFIC DAY DIALOGUE
	"spring_1": "I'll have unique dialogue soon, promise!",
	"summer_1": "I'll have unique dialogue soon, promise!",
	"fall_1": "I'll have unique dialogue soon, promise!",
	"winter_1": "I'll have unique dialogue soon, promise!",
	"spring_12": "I'll have unique dialogue soon, promise!", // Day before the Egg Festival
	"spring_23": "I'll have unique dialogue soon, promise!", // Day before the Flower Dance
	"summer_10": "I'll have unique dialogue soon, promise!", // Day before the Luau
	"summer_27": "I'll have unique dialogue soon, promise!", // Day before the Midnight Jellies
	"fall_15": "I'll have unique dialogue soon, promise!", // Day before the Stardew Fair
	"fall_26": "I'll have unique dialogue soon, promise!", // Day before Spirit's Eve
	"winter_7": "I'll have unique dialogue soon, promise!", // Day before the Ice Festival
	"winter_24": "I'll have unique dialogue soon, promise!", // Day before Winter Star
			}
        },
		]
}