{
"Changes": 
    [
  {
            "LogName": "Amadi's dialogue",
            "Action": "EditData",
            "Target": "Characters/Dialogue/{{ModId}}_Amadi",
			"Entries": {
				"Introduction": "Oh, hey! Nice to meet you, stranger! I'm Amadi.",
// SPECIFIC DIALOGUE
	"MovieInvite_Invited": "I'll have unique dialogue soon, promise!",
	"DumpsterDiveComment": "I'll have unique dialogue soon, promise!",
	"SpouseStardrop": "I'll have unique dialogue soon, promise!",
	"FlowerDance_Accept_Spouse": "I'll have unique dialogue soon, promise!",
    "FlowerDance_Accept": "I'll have unique dialogue soon, promise!",
	"FlowerDance_Decline": "I'll have unique dialogue soon, promise!",
	"GreenRain": "I'll have unique dialogue soon, promise!", //new event in 1.6
	"GreenRain_2": "I'll have unique dialogue soon, promise!", //new event in 1.6 - year 2 occurrence
	"GreenRainFinished": "I'll have unique dialogue soon, promise!", //new event in 1.6 - used the day after the event
	"AcceptGift_(O)StardropTea": "I'll have unique dialogue soon, promise!", //new gift reaction - if you don't add this your NPC will spit out a bunch of numbers instead of any dialogue when given this

// GENERIC DIALOGUE
    "Mon": "I'm tired. I was up half the night working on my paper.", 
    "Tue": "Hmm? Oh, sorry. My research group is meeting later and I'm still working some things out. How are you?",
    "Wed": "I go to Zuzu University. It's nice that I can do most of my work online",
    "Thu": "I'm tired. I was up half the night working on my paper. I know I should start sooner, but where's the challenge?",
    "Fri": "I have seminar today. How do people talk about nothing for so long?",
    "Sat": "$h Hallelujah, it's the weekend!",
    "Sun": "The Mother Tree is really interesting. It's impossible to tell how deep the roots go.",

    "Mon2": "I have to do quals next semester. #b#$u I am getting so stressed out!", 
    "Tue2": "I'm helping Mum on her research into plant-based anti-anxiolytics. #b#It's nice being in a related field, but I worry people will think I'm just riding her coattails, y'know?",
    "Wed2": "I keep meaning to ask how your farm is doing. So... how's it doing?",
    "Thu2": "$s Ugh, research group today. #b#$0 I love research, I'm just not good at explaining it. #b# I know it's a skill and I have to learn it, it's just... do I have to do it today?",
    "Fri2": "My little sister isn't bugging you, is she?",
    "Sat2": "$h The band may be old-school, but it makes everyone happy.",
    "Sun2": "I know Auntie Morgana's a bit sharp, but don't mind her much. She's got a soft heart, once you get past the prickles.",

    "Mon4": "We've only lived her two years. It's a lot different than home.", 
    "Tue4": "Sorry if I talk about school all the time. Hard to think of anything else sometimes - I think I need a hobby.",
    "Wed4": "I'll have unique dialogue soon, promise!",
    "Thu4": "I'll have unique dialogue soon, promise!",
    "Fri4": "Sorry if I talk about school all the time. Hard to think of anything else sometimes - I think I need a hobby.",
    "Sat4": "I'll have unique dialogue soon, promise!",
    "Sun4": "I'll have unique dialogue soon, promise!",

    "Mon6": "I'll have unique dialogue soon, promise!",
    "Tue6": "I'll have unique dialogue soon, promise!",
    "Wed6": "I'll have unique dialogue soon, promise!",
    "Thu6": "I'll have unique dialogue soon, promise!",
    "Fri6": "I'll have unique dialogue soon, promise!",
    "Sat6": "I'll have unique dialogue soon, promise!",
    "Sun6": "I'll have unique dialogue soon, promise!",

    "Mon8": "I'll have unique dialogue soon, promise!",
    "Tue8": "I'll have unique dialogue soon, promise!",
    "Wed8": "I'll have unique dialogue soon, promise!",
    "Thu8": "I'll have unique dialogue soon, promise!",
    "Fri8": "I'll have unique dialogue soon, promise!",
    "Sat8": "I'll have unique dialogue soon, promise!",
    "Sun8": "I'll have unique dialogue soon, promise!",

    "Mon10": "I'll have unique dialogue soon, promise!",
    "Tue10": "I'll have unique dialogue soon, promise!",
    "Wed10": "I'll have unique dialogue soon, promise!",
    "Thu10": "I'll have unique dialogue soon, promise!",
    "Fri10": "I'll have unique dialogue soon, promise!",
    "Sat10": "I'll have unique dialogue soon, promise!",
    "Sun10": "I'll have unique dialogue soon, promise!",   
   

	// SPECIFIC DAY DIALOGUE
	"spring_1": "I'll have unique dialogue soon, promise!",
	"summer_1": "I'll have unique dialogue soon, promise!",
	"fall_1": "I'll have unique dialogue soon, promise!",
	"winter_1": "I'll have unique dialogue soon, promise!",
	"spring_12": "I'll have unique dialogue soon, promise!", // Day before the Egg Festival
	"spring_23": "I'll have unique dialogue soon, promise!", // Day before the Flower Dance
	"summer_10": "I'll have unique dialogue soon, promise!", // Day before the Luau
	"summer_27": "I'll have unique dialogue soon, promise!", // Day before the Midnight Jellies
	"fall_15": "I'll have unique dialogue soon, promise!", // Day before the Stardew Fair
	"fall_26": "I'll have unique dialogue soon, promise!", // Day before Spirit's Eve
	"winter_7": "I'll have unique dialogue soon, promise!", // Day before the Ice Festival
	"winter_24": "I'll have unique dialogue soon, promise!", // Day before Winter Star
			}
        },
 
   		]
}