{
"Changes": 
    [
	//Camila's Basic dialogue
	{
            "LogName": "Camila's dialogue",
            "Action": "EditData",
            "Target": "Characters/Dialogue/{{ModId}}_Camila",
			"Entries": {
				"Introduction": "Oh, hello. I'm Camila, my husband and I run the general store. #$b#If my children cause you any trouble, you let me know.",
// SPECIFIC DIALOGUE
	"MovieInvite_Invited": "I'll have unique dialogue soon, promise!",
	"DumpsterDiveComment": "Ah, stop that If you need something so badly, come ask!",
	"SpouseStardrop": "I'll have unique dialogue soon, promise!",
	"FlowerDance_Accept_Spouse": "I'll have unique dialogue soon, promise!",
    "FlowerDance_Accept": "I'll have unique dialogue soon, promise!",
	"FlowerDance_Decline": "I'll have unique dialogue soon, promise!",
	"GreenRain": "I'll have unique dialogue soon, promise!", //new event in 1.6
	"GreenRain_2": "I'll have unique dialogue soon, promise!", //new event in 1.6 - year 2 occurrence
	"GreenRainFinished": "I'll have unique dialogue soon, promise!", //new event in 1.6 - used the day after the event
	"AcceptGift_(O)StardropTea": "I'll have unique dialogue soon, promise!",

// GENERIC DIALOGUE
    "Mon": "How's the weather outside? #$b#It's hard to get out during the week.", 
    "Tue": "You can buy seeds here, too. $1#$b#I won't tell Pierre!",
    "Wed": "We haven't let Joja into this town and we're not about to start.",
    "Thu": "You can buy seeds here, too. $1#$b#I won't tell Pierre!",
    "Fri": "We haven't let Joja into this town and we're not about to start.",
    "Sat": "it's good to see kids playing outside, isn't it?",
    "Sun": "I'm working this side today so Inacio can have his day off",

    "Mon2": "I'll have unique dialogue soon, promise!", 
    "Tue2": "I'll have unique dialogue soon, promise!",
    "Wed2": "I'll have unique dialogue soon, promise!",
    "Thu2": "I'll have unique dialogue soon, promise!",
    "Fri2": "I'll have unique dialogue soon, promise!",
    "Sat2": "I'll have unique dialogue soon, promise!",
    "Sun2": "I'll have unique dialogue soon, promise!",

    "Mon4": "I'll have unique dialogue soon, promise!", 
    "Tue4": "I'll have unique dialogue soon, promise!",
    "Wed4": "I'll have unique dialogue soon, promise!",
    "Thu4": "I'll have unique dialogue soon, promise!",
    "Fri4": "I'll have unique dialogue soon, promise!",
    "Sat4": "I'll have unique dialogue soon, promise!",
    "Sun4": "I'll have unique dialogue soon, promise!",

    "Mon6": "I'll have unique dialogue soon, promise!",
    "Tue6": "I'll have unique dialogue soon, promise!",
    "Wed6": "I'll have unique dialogue soon, promise!",
    "Thu6": "I'll have unique dialogue soon, promise!",
    "Fri6": "I'll have unique dialogue soon, promise!",
    "Sat6": "I'll have unique dialogue soon, promise!",
    "Sun6": "I'll have unique dialogue soon, promise!",

    "Mon8": "I'll have unique dialogue soon, promise!",
    "Tue8": "I'll have unique dialogue soon, promise!",
    "Wed8": "I'll have unique dialogue soon, promise!",
    "Thu8": "I'll have unique dialogue soon, promise!",
    "Fri8": "I'll have unique dialogue soon, promise!",
    "Sat8": "I'll have unique dialogue soon, promise!",
    "Sun8": "I'll have unique dialogue soon, promise!",

    "Mon10": "I'll have unique dialogue soon, promise!",
    "Tue10": "I'll have unique dialogue soon, promise!",
    "Wed10": "I'll have unique dialogue soon, promise!",
    "Thu10": "I'll have unique dialogue soon, promise!",
    "Fri10": "I'll have unique dialogue soon, promise!",
    "Sat10": "I'll have unique dialogue soon, promise!",
    "Sun10": "I'll have unique dialogue soon, promise!",
	}
        },
	]
}