{
"Changes": 
    [
{
            "LogName": "Cayo's dialogue",
            "Action": "EditData",
            "Target": "Characters/Dialogue/{{ModId}}_Cayo",
			"Entries": {
				"Introduction": "... hi. Um... you should talk to Mama, probably.",
// SPECIFIC DIALOGUE
	"MovieInvite_Invited": "I'll have unique dialogue soon, promise!",
	"DumpsterDiveComment": "I'll have unique dialogue soon, promise!",
	"GreenRain": "I'll have unique dialogue soon, promise!", //new event in 1.6
	"GreenRain_2": "I'll have unique dialogue soon, promise!", //new event in 1.6 - year 2 occurrence
	"GreenRainFinished": "I'll have unique dialogue soon, promise!", //new event in 1.6 - used the day after the event
	"AcceptGift_(O)StardropTea": "I'll have unique dialogue soon, promise!", //new gift reaction - if you don't add this your NPC will spit out a bunch of numbers instead of any dialogue when given this

// GENERIC DIALOGUE
    "Mon": "Hi. Are you supposed to be here? #b# I guess so 'cause you're here, right?", 
    "Tue": "%Cayo looks at you and smiles shyly",
    "Wed": "Auntie Morgana said to let the grown-ups talk to you.",
    "Thu": "So... do you like toys?",
    "Fri": "%Cayo looks down at his shoes and shakes his head",
    "Sat": "Today's my helping day! #b#$hI'm a grown-up! We can talk today!",
    "Sun": "Auntie Morgana said to let the grown-ups talk to you.",

    "Mon2": "Flori wasn't here earlier. Did you see her?", 
    "Tue2": "I think I'm not supposed to talk to you but I'm not sure now.",
    "Wed2": "Mama says we don't always have to listen to Auntie Morgana.",
    "Thu2": "Papa is making dinner tonight, so I know it'll be good!",
    "Fri2": "If you want to play, that's okay. We won't mind.",
    "Sat2": "Mama says we don't always have to listen to Auntie Morgana.",
    "Sun2": "I gave the Mother Tree my toy car, but she said I could keep it.",

    "Mon4": "I found some mushrooms. Papa says don't eat strange mushrooms. #b# You can have them, if you want. SAction AddItem (o)422 4", 
    "Tue4": "You know what I love more than anything? #b#$h Actually, I love a lot of things!",
    "Wed4": "I'll have unique dialogue soon, promise!",
    "Thu4": "I'll have unique dialogue soon, promise!",
    "Fri4": "I'll have unique dialogue soon, promise!",
    "Sat4": "$h I like helping!",
    "Sun4": "I'll have unique dialogue soon, promise!",

    "Mon6": "I'll have unique dialogue soon, promise!",
    "Tue6": "I'll have unique dialogue soon, promise!",
    "Wed6": "I'll have unique dialogue soon, promise!",
    "Thu6": "I'll have unique dialogue soon, promise!",
    "Fri6": "I'll have unique dialogue soon, promise!",
    "Sat6": "I'll have unique dialogue soon, promise!",
    "Sun6": "I'll have unique dialogue soon, promise!",

    "Mon8": "I'll have unique dialogue soon, promise!",
    "Tue8": "I'll have unique dialogue soon, promise!",
    "Wed8": "I'll have unique dialogue soon, promise!",
    "Thu8": "I'll have unique dialogue soon, promise!",
    "Fri8": "I'll have unique dialogue soon, promise!",
    "Sat8": "I'll have unique dialogue soon, promise!",
    "Sun8": "I'll have unique dialogue soon, promise!",

    "Mon10": "I'll have unique dialogue soon, promise!",
    "Tue10": "I'll have unique dialogue soon, promise!",
    "Wed10": "I'll have unique dialogue soon, promise!",
    "Thu10": "I'll have unique dialogue soon, promise!",
    "Fri10": "I'll have unique dialogue soon, promise!",
    "Sat10": "I'll have unique dialogue soon, promise!",
    "Sun10": "I'll have unique dialogue soon, promise!",   
   

	// SPECIFIC DAY DIALOGUE
	"spring_1": "I'll have unique dialogue soon, promise!",
	"summer_1": "I'll have unique dialogue soon, promise!",
	"fall_1": "I'll have unique dialogue soon, promise!",
	"winter_1": "I'll have unique dialogue soon, promise!",
	"spring_12": "I'll have unique dialogue soon, promise!", // Day before the Egg Festival
	"spring_23": "I'll have unique dialogue soon, promise!", // Day before the Flower Dance
	"summer_10": "I'll have unique dialogue soon, promise!", // Day before the Luau
	"summer_27": "I'll have unique dialogue soon, promise!", // Day before the Midnight Jellies
	"fall_15": "I'll have unique dialogue soon, promise!", // Day before the Stardew Fair
	"fall_26": "I'll have unique dialogue soon, promise!", // Day before Spirit's Eve
	"winter_7": "I'll have unique dialogue soon, promise!", // Day before the Ice Festival
	"winter_24": "I'll have unique dialogue soon, promise!", // Day before Winter Star
			}
        },
  		]
}