{
"Changes": 
    [
  {
            "LogName": "Fable's dialogue",
            "Action": "EditData",
            "Target": "Characters/Dialogue/{{ModId}}_Fable",
			"Entries": {
				"Introduction": "Well, well! Isn't it nice to see a new face? I'm Fable. #b# I teach the children here.",
// SPECIFIC DIALOGUE
	"MovieInvite_Invited": "I'll have unique dialogue soon, promise!",
	"DumpsterDiveComment": "I'll have unique dialogue soon, promise!",
	"SpouseStardrop": "I'll have unique dialogue soon, promise!",
	"FlowerDance_Accept_Spouse": "I'll have unique dialogue soon, promise!",
    "FlowerDance_Accept": "I'll have unique dialogue soon, promise!",
	"FlowerDance_Decline": "I'll have unique dialogue soon, promise!",
	"GreenRain": "I'll have unique dialogue soon, promise!", //new event in 1.6
	"GreenRain_2": "I'll have unique dialogue soon, promise!", //new event in 1.6 - year 2 occurrence
	"GreenRainFinished": "I'll have unique dialogue soon, promise!", //new event in 1.6 - used the day after the event
	"AcceptGift_(O)StardropTea": "I'll have unique dialogue soon, promise!", //new gift reaction - if you don't add this your NPC will spit out a bunch of numbers instead of any dialogue when given this

// GENERIC DIALOGUE
    "Mon": "Would you like to hear a story?", 
    "Tue": "The children are learning about how our cells uses energy. Isn't it fun to see their minds grow?",
    "Wed": "We've lived here for over a decade now. #b#There wasn't a real school when we moved in. #b##h Education is so important, don't you think?",
    "Thu": "Story teaches on Monday and Thursday. It's good for children to hear different voices.",
    "Fri": "$h I used to think I would retire when we moved here, but teaching makes me so happy!",
    "Sat": "Saturdays are so relaxing here. It's all about stories, music, dance and good company.",
    "Sun": "We all visit the Mother Tree. She isn't some divinity, she's a friend.",

    "Mon2": "Don't mind if Legend takes some time to warm up. He's very dear when you get to know him.", 
    "Tue2": "Story goes fishing several times a week. That doesn't mean he catches fish several times a week.",
    "Wed2": "Legend takes such marvelous care of the gardens. #b#$h Don't they look wonderful?",
    "Thu2": "Feel free to contribute to the lessons when you stop by.",
    "Fri2": "Legend takes such marvelous care of the gardens. #b#$h Don't they look wonderful?",
    "Sat2": "Saturdays are so relaxing here. It's all about stories, music, dance and good company.",
    "Sun2": "The Mother Tree welcomed us here some time ago. We have to take care of her.",

    "Mon4": "I'll have unique dialogue soon, promise!", 
    "Tue4": "I'll have unique dialogue soon, promise!",
    "Wed4": "I'll have unique dialogue soon, promise!",
    "Thu4": "I'll have unique dialogue soon, promise!",
    "Fri4": "I'll have unique dialogue soon, promise!",
    "Sat4": "I'll have unique dialogue soon, promise!",
    "Sun4": "I'll have unique dialogue soon, promise!",

    "Mon6": "I'll have unique dialogue soon, promise!",
    "Tue6": "I'll have unique dialogue soon, promise!",
    "Wed6": "I'll have unique dialogue soon, promise!",
    "Thu6": "I'll have unique dialogue soon, promise!",
    "Fri6": "I'll have unique dialogue soon, promise!",
    "Sat6": "I'll have unique dialogue soon, promise!",
    "Sun6": "I'll have unique dialogue soon, promise!",

    "Mon8": "I'll have unique dialogue soon, promise!",
    "Tue8": "I'll have unique dialogue soon, promise!",
    "Wed8": "I'll have unique dialogue soon, promise!",
    "Thu8": "I'll have unique dialogue soon, promise!",
    "Fri8": "I'll have unique dialogue soon, promise!",
    "Sat8": "I'll have unique dialogue soon, promise!",
    "Sun8": "I'll have unique dialogue soon, promise!",

    "Mon10": "I'll have unique dialogue soon, promise!",
    "Tue10": "I'll have unique dialogue soon, promise!",
    "Wed10": "I'll have unique dialogue soon, promise!",
    "Thu10": "I'll have unique dialogue soon, promise!",
    "Fri10": "I'll have unique dialogue soon, promise!",
    "Sat10": "I'll have unique dialogue soon, promise!",
    "Sun10": "I'll have unique dialogue soon, promise!",
			}
        },
 
   		]
}