{
"Changes": 
    [
  {
            "LogName": "Malkin's dialogue",
            "Action": "EditData",
            "Target": "Characters/Dialogue/{{ModId}}_Malkin",
			"Entries": {
				"Introduction": "Meow? Yes, meow.",
// SPECIFIC DIALOGUE
	"MovieInvite_Invited": "Movie! What is movie?",
	"DumpsterDiveComment": "$5 That is for Malkin!",
	"GreenRain": "$2 Rain is wet. Green rain is wetter.", //new event in 1.6
	"GreenRain_2": "$2 Green rain still wetter than wettest not-green rain.", //new event in 1.6 - year 2 occurrence
	"GreenRainFinished": "$2 Splashy paws... don't like splashy paws.", //new event in 1.6 - used the day after the event
	"AcceptGift_(O)StardropTea": "$1 Ooh, is worth wet whiskers!", //new gift reaction - if you don't add this your NPC will spit out a bunch of numbers instead of any dialogue when given this
	"Rain": "$2 No, no. Wet Malkin no like this.",
	"Rain2": "$2 Wet rain is wet.",

// GENERIC DIALOGUE
    "Mon": "Mau mau, meow, nyaa", 
    "Tue": "Meow? Mrr mrr.",
    "Wed": "$1 Prrr...",
    "Thu": "Miau mau?",
    "Fri": "*Sigh* Meow...",
    "Sat": "$2 %Malkin looks at you with large, dewy eyes.",
    "Sun": "$3 Mee!",
	
	//Event when either Malkin or Shuck reach 2 hearts - you enter and hear Malkin and Shuck talking to each other. Once the shock wears off, and Morgana lectures you about not telling anyone, you are glad you can chat

    "Mon2": "Hi hi! Nice day, yes?", 
    "Tue2": "Pretty Malkin saw birdie. Pretty Malkin let birdie live.",
    "Wed2": "Nice Legend gave nice Malkin a tasty treat.",
    "Thu2": "Farmer @ has big birdies on farm? #b# Malkin eat big birdies?",
    "Fri2": "Malkin promise not to eat big birdies.",
    "Sat2": "Mau miao mjau, yaong... smart Malkin talk to kitties everywhere!",
    "Sun2": "Farmer @ have friendly kitty on farm?",

    "Mon4": "$1 Auntie Morgana teach clever Malkin to talk! #b#$0 Clever Malkin still learning.", 
    "Tue4": "Brave Shuck protect little Malkin from big bads.",
    "Wed4": "Farmer @ go fish? #b#Give fish to hungry Malkin?",
    "Thu4": "$3 Farmer @, Malkin play with yummy tummy plant. #b# Farmer @ is funny color.",
    "Fri4": "Farmer @ go fish? #b#Give fish to hungry Malkin?",
    "Sat4": "Sleepy Malkin need sunny sunbeam.",
    "Sun4": "$5 Meanie Legend stole fierce Malkin's yummy bird. Yummy bird fly away.",

	//Event: Malkin tries to catch a bird and notices Oralia, looking upset. She reassures Oralia that Oralia is "friend birdie", but Oralia runs away anyway. Farmer tells Malkin that Oralia is scared of her, which makes Malkin sad

    "Mon6": "Farmer @ have sweet and licky milk?",
    "Tue6": "Farmer @ want mousie?",
    "Wed6": "$1 Farmer @ find mousie yet? #b#$1 Sweet Malkin leave on Farmer bed!",
    "Thu6": "Farmer @ go fish? #b#Give fish to hungry Malkin?",
    "Fri6": "Hi hi! Brave Shuck save little Malkin from mean squirrel today!",
    "Sat6": "Meow, meow... Now Farmer @ say!",
    "Sun6": "$3 Farmer @, Malkin play with yummy tummy plant. #b# Farmer @ is funny color.",

	//Malkin brings Oralia a present, a nice amethyst. Oralia starts to run away, but Malkin apologizes for being "scary Malkin". She's only been a very smart cat for a little while, and didn't realize what she was doing would be scary for her friend. She promises not to hunt birdies, no matter how yummy.

    "Mon8": "Uncle Seguin give starving Malkin fishie. #b#Uncle Seguin best of best!",
    "Tue8": "Farmer @, biting toes is naughty naughty.",
    "Wed8": "Hi hi! Little Flori gave littler Malkin the bestest crunchy leaf!",
    "Thu8": "Hi hi! Littler Malkin gave little Flori mousie! #b#$3 Little Flori not happy.",
    "Fri8": "Happy Malkin gave little Flori a flower. #b#$1 Little Flori is happy.",
    "Sat8": "Farm, farm... Yummy scrummy eggie milkie farm farm...",
    "Sun8": "Farmer @, biting fingers is naughty naughty.",
	
    "Mon10": "Hi hi, Farmer @. Farmer @ rub fluffy Malkin tummy?",
    "Tue10": "Friendly Malkin happy more and more and more new friends are here!",
    "Wed10": "$2 Nice Malkin catch birdie. Nice Malkin let birdie go and not get scolding!",
    "Thu10": "Smart Malkin not chase Oralia. Oralia stronger than little Malkin. #b# Oh, and is friend.",
    "Fri10": "Is okay hungry Malkin still eat fishies? #b#$2Sad Malkin hope so.",
    "Sat10": "Hi hi! Malkin happy see friend Farmer @!",
    "Sun10": "Meow! Shiny Malkin happiest cat! #b#Farmer @ have cat? #b#Farmer @ also have happiest cat?",
	// SPECIFIC DAY DIALOGUE
	//"spring_1": "$1 Is season of greenest green grasses and scrunchiest flowers!",
	//"summer_1": "$1 Is season of sunniest sun beams!",
	//"fall_1": "$1 Is season of crunchiest munchiest leaves!",
	//"winter_1": "$2 Is cold. Coldest cold."
			}
        },
		]
}