{
"Changes": 
    [
  {
            "LogName": "Nilufar's dialogue",
            "Action": "EditData",
            "Target": "Characters/Dialogue/{{ModId}}_Nilufar",
			"Entries": {
				"Introduction": "$h Hello! How nice to see a new face! I'm Nilufar, if you ever want a swim, come by my place!",
// SPECIFIC DIALOGUE
	"MovieInvite_Invited": "$h Of course! I love movies.",
	"DumpsterDiveComment": "$a Um... ew, ew, ew!",
	"SpouseStardrop": "$l I saw this and I knew you would love it!",
	"GreenRain": "$s I'm worries about what this strange rain will do to my wheels.",
	"GreenRain_2": "$u I don't mind the rain, but all those weird weeds make it hard to get around.",
	"GreenRainFinished": "The others helped clear the paths after the rain stopped.",
	"AcceptGift_(O)StardropTea": "This is wonderful! It reminds me of home.",

// GENERIC DIALOGUE
    "Mon": "Hi! Are you finding your way around all right?", 
    "Tue": "This town can be confusing at first, but you'll learn your way quickly enough",
    "Wed": "You can use the poolhouse all day, even if Parvaneh or I are out.",
    "Thu": "Hi! Are you finding your way around all right?",
    "Fri": "You can use the poolhouse all day, even if Parvaneh or I are out.",
    "Sat": "This town can be confusing at first, but you'll learn your way quickly enough",
    "Sun": "Most of the town goes to visit the Mother Tree on Sunday.",

    "Mon2": "I love Parvaneh... but she really doesn't need to help me with everything!", 
    "Tue2": "$h Have you been by Adejens and Ojistah's farm? They have the cutest little chicks!",
    "Wed2": "Hi, @! What's growing?",
    "Thu2": "I'll have unique dialogue soon, promise!",
    "Fri2": "I love Parvaneh... but she really doesn't need to help me with everything!",
    "Sat2": "The concerts each week are one of the best parts of living here.",
    "Sun2": "$s Hmm? #b#$0 Oh, I'm fine.",
	//Event: Nilfar receives a letter from home. She feels sad and homesick. She appears to cheer up when she sees the farmer, and insists she's fine. But when the farmer walks away, she is sad again.

    "Mon4": "I'll have unique dialogue soon, promise!", 
    "Tue4": "I'll have unique dialogue soon, promise!",
    "Wed4": "I'll have unique dialogue soon, promise!",
    "Thu4": "I'll have unique dialogue soon, promise!",
    "Fri4": "I'll have unique dialogue soon, promise!",
    "Sat4": "I'll have unique dialogue soon, promise!",
    "Sun4": "I'll have unique dialogue soon, promise!",
	
	//Event: Nilufar is watching the children play and comments on how her nephews would be about the same age. She has pictures of them and talks to them on the phone, but it's not the same. While she's glad she came with Parvaneh to FR, she misses being able to eat her mother's cooking and gossip with her sister - although since her sister is a doctor, they never did get much time to talk when they lived right next door.

    "Mon6": "I'll have unique dialogue soon, promise!",
    "Tue6": "I'll have unique dialogue soon, promise!",
    "Wed6": "I'll have unique dialogue soon, promise!",
    "Thu6": "I'll have unique dialogue soon, promise!",
    "Fri6": "I'll have unique dialogue soon, promise!",
    "Sat6": "I'll have unique dialogue soon, promise!",
    "Sun6": "I'll have unique dialogue soon, promise!",
	
	//Event: Nilufar is excited to talk to the farmer - her sister is in Zuzu City for a medical convention! They had dinner the night before and had a great time. When Nilufar came home, she realized that was what she thought of it as - coming home. As difficult as it is to be away from family, she truly has come to love the people in Fern River - and has grown quite fond of the farmer, too.

    "Mon8": "I'll have unique dialogue soon, promise!",
    "Tue8": "I'll have unique dialogue soon, promise!",
    "Wed8": "I'll have unique dialogue soon, promise!",
    "Thu8": "I'll have unique dialogue soon, promise!",
    "Fri8": "I'll have unique dialogue soon, promise!",
    "Sat8": "I'll have unique dialogue soon, promise!",
    "Sun8": "I'll have unique dialogue soon, promise!",

    "Mon10": "I'll have unique dialogue soon, promise!",
    "Tue10": "I'll have unique dialogue soon, promise!",
    "Wed10": "I'll have unique dialogue soon, promise!",
    "Thu10": "I'll have unique dialogue soon, promise!",
    "Fri10": "I'll have unique dialogue soon, promise!",
    "Sat10": "I'll have unique dialogue soon, promise!",
    "Sun10": "I'll have unique dialogue soon, promise!",   
   

	// SPECIFIC DAY DIALOGUE
	"spring_1": "I'll have unique dialogue soon, promise!",
	"summer_1": "I'll have unique dialogue soon, promise!",
	"fall_1": "I'll have unique dialogue soon, promise!",
	"winter_1": "I'll have unique dialogue soon, promise!",
	"spring_12": "I'll have unique dialogue soon, promise!", // Day before the Egg Festival
	"spring_23": "I'll have unique dialogue soon, promise!", // Day before the Flower Dance
	"summer_10": "I'll have unique dialogue soon, promise!", // Day before the Luau
	"summer_27": "I'll have unique dialogue soon, promise!", // Day before the Midnight Jellies
	"fall_15": "I'll have unique dialogue soon, promise!", // Day before the Stardew Fair
	"fall_26": "I'll have unique dialogue soon, promise!", // Day before Spirit's Eve
	"winter_7": "I'll have unique dialogue soon, promise!", // Day before the Ice Festival
	"winter_24": "I'll have unique dialogue soon, promise!", // Day before Winter Star
			}
        },
		]
}