{
"Changes": 
    [
			{
            "LogName": "Sabela's dialogue",
            "Action": "EditData",
            "Target": "Characters/Dialogue/{{ModId}}_Sabela",
			"Entries": {
				"Introduction": "Have we met? No? I'm Sabela. #b#$1Now we have!",
// SPECIFIC DIALOGUE
	"MovieInvite_Invited": "I'll have unique dialogue soon, promise!",
	"DumpsterDiveComment": "I'll have unique dialogue soon, promise!",
	"SpouseStardrop": "I'll have unique dialogue soon, promise!",
	"FlowerDance_Accept_Spouse": "I'll have unique dialogue soon, promise!",
    "FlowerDance_Accept": "I'll have unique dialogue soon, promise!",
	"FlowerDance_Decline": "I'll have unique dialogue soon, promise!",
	"GreenRain": "I'll have unique dialogue soon, promise!", //new event in 1.6
	"GreenRain_2": "I'll have unique dialogue soon, promise!", //new event in 1.6 - year 2 occurrence
	"GreenRainFinished": "I'll have unique dialogue soon, promise!", //new event in 1.6 - used the day after the event
	"AcceptGift_(O)StardropTea": "Oooh! It's a treasure! How wonderful!", //new gift reaction - if you don't add this your NPC will spit out a bunch of numbers instead of any dialogue when given this

// GENERIC DIALOGUE
    "Mon": "Are you going to the mines? Come and show me what you find!", 
    "Tue": "Did you find anything good today?",
    "Wed": "Are you going to the mines? Come and show me what you find!",
    "Thu": "Did you find anything good today?",
    "Fri": "Are you going to the mines? Come and show me what you find!",
    "Sat": "Are there a lot of people like you in your town?",
    "Sun": "Mother Tree's roots go all the way to the heart of the world, you know.",

    "Mon2": "I thought about going into the mine, too. #b#$s I'd probably die, though. #b#$h Good luck!", 
    "Tue2": "The waters are crystal clear here. Like liquid diamonds.",
    "Wed2": "I'll take those dirty gems off your hands. #b#$h Just kidding!",
    "Thu2": "Trash sometimes ends up in the water here from upstream. #b#$a It makes me so mad.",
    "Fri2": "I thought about going into the mine, too. #b#$s I'd probably die, though. #b#$h Good luck!",
    "Sat2": "Trash sometimes ends up in the water here from upstream. #b#$a It makes me so mad.",
    "Sun2": "Mother Tree's roots go all the way to the heart of the world, you know.",

    "Mon4": "That inn down south... no one's run that thing for years. #b# Someone must go in to keep it clean, though.",
    "Tue4": "Aquamarine waters and pearly sands... no wonder so many people love beaches.",
    "Wed4": "I really don't want to cook today... #b#$h Actually, I kind of don't want to cook ever.",
    "Thu4": "That inn down south... no one's run that thing for years. #b# Someone must go in to keep it clean, though.",
    "Fri4": "Have you learned to make trinkets yet? Trinkets are great.",
    "Sat4": "I really don't want to cook today... #b#$h Actually, I kind of don't want to cook ever.",
    "Sun4": "The Mother Tree is the reason our waters stay so clean.",

    "Mon6": "I'll have unique dialogue soon, promise!",
    "Tue6": "I'll have unique dialogue soon, promise!",
    "Wed6": "I'll have unique dialogue soon, promise!",
    "Thu6": "I'll have unique dialogue soon, promise!",
    "Fri6": "I'll have unique dialogue soon, promise!",
    "Sat6": "I'll have unique dialogue soon, promise!",
    "Sun6": "I'll have unique dialogue soon, promise!",

    "Mon8": "I'll have unique dialogue soon, promise!",
    "Tue8": "I'll have unique dialogue soon, promise!",
    "Wed8": "I'll have unique dialogue soon, promise!",
    "Thu8": "I'll have unique dialogue soon, promise!",
    "Fri8": "I'll have unique dialogue soon, promise!",
    "Sat8": "I'll have unique dialogue soon, promise!",
    "Sun8": "I'll have unique dialogue soon, promise!",

    "Mon10": "I'll have unique dialogue soon, promise!",
    "Tue10": "I'll have unique dialogue soon, promise!",
    "Wed10": "I'll have unique dialogue soon, promise!",
    "Thu10": "I'll have unique dialogue soon, promise!",
    "Fri10": "I'll have unique dialogue soon, promise!",
    "Sat10": "I'll have unique dialogue soon, promise!",
    "Sun10": "I'll have unique dialogue soon, promise!",   
   

	// SPECIFIC DAY DIALOGUE
	"spring_1": "I'll have unique dialogue soon, promise!",
	"summer_1": "I'll have unique dialogue soon, promise!",
	"fall_1": "I'll have unique dialogue soon, promise!",
	"winter_1": "I'll have unique dialogue soon, promise!",
	"spring_12": "I'll have unique dialogue soon, promise!", // Day before the Egg Festival
	"spring_23": "I'll have unique dialogue soon, promise!", // Day before the Flower Dance
	"summer_10": "I'll have unique dialogue soon, promise!", // Day before the Luau
	"summer_27": "I'll have unique dialogue soon, promise!", // Day before the Midnight Jellies
	"fall_15": "I'll have unique dialogue soon, promise!", // Day before the Stardew Fair
	"fall_26": "I'll have unique dialogue soon, promise!", // Day before Spirit's Eve
	"winter_7": "I'll have unique dialogue soon, promise!", // Day before the Ice Festival
	"winter_24": "I'll have unique dialogue soon, promise!", // Day before Winter Star
			}
        },

	]
}