{
"Changes": 
    [
				{
            "LogName": "Shuck's dialogue",
            "Action": "EditData",
            "Target": "Characters/Dialogue/{{ModId}}_Shuck",
			"Entries": {
				"Introduction": "Woof? Bark!",
// SPECIFIC DIALOGUE
	"MovieInvite_Invited": "Dogs are permitted in these moving pictures now?",
	"DumpsterDiveComment": "$5 Stop! I shall be blamed for any rubbish you strew about!",
	"GreenRain": "I'll have unique dialogue soon, promise!", //new event in 1.6
	"GreenRain_2": "I'll have unique dialogue soon, promise!", //new event in 1.6 - year 2 occurrence
	"GreenRainFinished": "I'll have unique dialogue soon, promise!", //new event in 1.6 - used the day after the event
	"AcceptGift_(O)StardropTea": "I'll have unique dialogue soon, promise!", //new gift reaction - if you don't add this your NPC will spit out a bunch of numbers instead of any dialogue when given this
	"Rain": "It is so that nature requires rain. #b# It is also so that rain makes me smelly.",
	"Rain2": "Please do comfort Malkin on this, her worst of days.",

// GENERIC DIALOGUE
    "Mon": "Hmmm... Woof.", 
    "Tue": "Bark? *mumble* Bark.",
    "Wed": "%Shuck looks you over and then goes back to staring into the distance.",
    "Thu": "Huff. *Snort*",
    "Fri": "%Shuck appears to consider offering you a tennis ball, but decides against it.",
    "Sat": "%Shuck studies you carefully before returning to sniffing the grass.",
    "Sun": "Buff buff woof. Bark!",

    "Mon2": "Isn't it marvelous to have a proper conversation?", 
    "Tue2": "I am quite a bit older than I look, you know.",
    "Wed2": "This town is under my protection. Behave and you shall remain... undamaged.",
    "Thu2": "I do hope we can be friends. #b# I am afraid that has yet to be determined.",
    "Fri2": "I am quite a bit older than I look, you know.",
    "Sat2": "I have been speaking to humans for some time. Few listen.",
    "Sun2": "The Mother Tree is precious. It is not to be used as a hydrant.",

    "Mon4": "I am quite concerned about Flori's wandering. #b# Of course I know, I'm a watchdog.", 
    "Tue4": "My kin in the old country are quite vicious. I never quite fit in.",
    "Wed4": "These people have kind souls. #b# We must always look to souls, not mere words.",
    "Thu4": "I was once well known as a protector of children and the innocent. #b#$2 Time passes, and people forget.",
    "Fri4": "You, yourself, have a kind soul. I hope to get to know it better.",
    "Sat4": "You may have heard the legends of grim dogs from the old land. Be wary of my kin.",
    "Sun4": "I shall stay as long as I am welcome. #b#$1 I have high hopes that shall be a long time!",

    "Mon6": "Malkin is a good cat. Not the smartest of cats, but good.",
    "Tue6": "I once roamed the moors, guiding the lost back to the path. #b# If you become lost, I shall find you.",
    "Wed6": "My homeland was lost as cities grew. #b#$3 I became just another black dog, a nuisance of the streets.",
    "Thu6": "I do hope you have made many friends. #b# Friends are precious beyond imagining.",
    "Fri6": "I admit, I will cast aside my dignity for a freshly seared steak.",
    "Sat6": "My homeland was lost as cities grew. #b#$3 I became just another black dog, a nuisance of the streets.",
    "Sun6": "I made an offering to the Mother Tree. #b#Do you think she will like the bone?",

    "Mon8": "This village... it is a peaceful place, is it not?",
    "Tue8": "Please do not tell the others that I found a dead fish by the shore. #b# I fear I shall be given a bath.",
    "Wed8": "Please forgive my scent. I was forced to take a bath yesterday.",
    "Thu8": "$h Have you listened to the children playing? A marvelous sound, is it not?",
    "Fri8": "Though grim dogs often lead humans astray, I have chosen a different path. #b# I would never have felt this joy if I had not.",
    "Sat8": "Today is ideal for a long nap.",
    "Sun8": "Sunshine, rain or snow, I will guard against danger. #b#$s Thunder may present a challenge.",

    "Mon10": "If you ever go astray, I shall search for you without rest!",
    "Tue10": "Be sure to say hello to everyone! A pack must be friends to stay together.",
    "Wed10": "Today is a marvelous day! The children have not fought once!",
    "Thu10": "Good day, my friend! Would you like a bone? It's delicious! $Action AddItem (o)881",
    "Fri10": "Malkin and Oralia seem to have made peace. At least, for the moment.",
    "Sat10": "I am an observant dog. You have livestock on your farm. #b# And you should probably wash your boots.",
    "Sun10": "I have had such luck today! I shall share mine with you. $Action AddBuff LuckLevel 2 -2",   
   

	// SPECIFIC DAY DIALOGUE
	"spring_1": "As sad as it is to see the snow melt, there are so many flowers to eat! #b# Perhaps, don't tell Legend I said that.",
	"summer_1": "Oh, dear, the heat has returned. #b# I shall be in the river if you need me.",
	"fall_1": "Pile the leaves up so that we may jump from even greater heights!",
	"winter_1": "$1 The snow has come! Do I cast aside my dignity and roll like a pup? #b# I must!"
			}
        },

	]
}