{
  "Changes": [
   {  
      "LogName": "Fish Data",
	  "Action": "EditData",
      "Target": "Data/Fish",
      "Entries": {
		  "{{ModId}}_BlueAcara": "Blue Acara/60/smooth/1/8/0600 2600/spring summer fall winter/both/685 .35/4/.4/.6/0/false",
	"{{ModId}}_BlueDiamond": "Blue Diamond Discus/60/dart/2/9/600 2600/spring summer fall winter/both/685 .35/1/.25/.1/0/false",
	"{{ModId}}_GoldenDiscus": "Golden Discus/60/dart/2/9/600 2600/spring summer fall winter/both/685 .35/1/.25/.1/0/false",
	"{{ModId}}_MercuryDiscus": "Mercury Discus/60/dart/2/9/600 2600/spring summer fall winter/both/685 .35/1/.25/.1/0/false",
	"{{ModId}}_RedMarlboro": "Red Marlboro Discus/60/dart/2/9/600 2600/spring summer fall winter/both/685 .35/1/.25/.1/0/false",
	"{{ModId}}_WhiteButterflyDiscus": "White Butterfly Discus/60/dart/2/9/600 2600/spring summer fall winter/both/685 .35/1/.25/.1/0/false",
	"{{ModId}}_BrownDiscus": "Brown Discus/60/dart/2/9/600 2600/spring summer fall winter/both/685 .35/1/.25/.1/0/false",
	"{{ModId}}_SilverAngelfish": "Silver Angelfish/40/smooth/1/7/600 2600/spring summer fall winter/both/685 .35/1/.25/.1/0/false",
	"{{ModId}}_KoiAngelfish": "Koi Angelfish/40/smooth/1/7/600 2600/spring summer fall winter/both/685 .35/1/.25/.1/0/false",
	"{{ModId}}_PlatinumAngelfish": "Platinum Angelfish/40/smooth/1/7/600 2600/spring summer fall winter/both/685 .35/1/.25/.1/0/false",
	"{{ModId}}_BluePinoyAngelfish": "Blue Pinoy Angelfish/40/smooth/1/7/600 2600/spring summer fall winter/both/685 .35/1/.25/.1/0/false",
	"{{ModId}}_SanMerahDiscus": "San Merah Discus/60/dart/2/9/600 2600/spring summer fall winter/both/685 .35/1/.25/.1/0/false",
	"{{ModId}}_TrimacCichlid": "Trimac Cichlid/60/dart/2/9/600 2600/spring summer fall winter/both/685 .35/1/.25/.1/0/false",
	"{{ModId}}_BettaRubra": "Betta rubra/60/sinker/1/3/600 2600/spring summer fall winter/both/685 .35/1/.25/.1/0/false",
	"{{ModId}}_BoesemaniRainbowfish": "Boesemani Rainbowfish/60/smooth/1/5/600 2600/spring summer fall winter/both/685 .35/1/.25/.1/0/false",
	"{{ModId}}_BettaChannoides": "Betta channoides/60/sinker/1/4/600 2600/spring summer fall winter/both/685 .35/1/.25/.1/0/false",
	"{{ModId}}_BettaMacrostoma": "Betta macrostoma/60/sinker/1/5/600 1600/summer winter/both/685 .35/1/.25/.1/0/false",
	"{{ModId}}_BettaPersephone": "Betta persephone/60/sinker/1/2/600 2600/spring summer fall winter/both/685 .35/1/.25/.1/0/false",
	"{{ModId}}_BettaHendra": "Betta hendra/60/sinker/1/2/600 2600/spring summer fall winter/both/685 .35/1/.25/.1/0/false",
	"{{ModId}}_BettaBrownorum": "Betta brownorum/60/sinker/1/3/600 2600/spring summer fall winter/both/685 .35/1/.25/.1/0/false",
	"{{ModId}}_BettaAntuta": "Betta antuta/60/sinker/2/5/600 2600/spring summer fall winter/both/685 .35/1/.25/.1/0/false",
	"{{ModId}}_CandyDarter": "Candy Darter/60/dart/1/4/600 2600/spring summer fall winter/both/685 .35/1/.25/.1/0/false",
	"{{ModId}}_RainbowDarter": "Rainbow Darter/60/dart/1/4/600 2600/spring summer fall winter/both/685 .35/1/.25/.1/0/false",
	"{{ModId}}_GoldenTrout": "Candy Darter/60/dart/4/30/600 2600/spring summer fall winter/both/685 .35/1/.25/.1/0/false",
	"{{ModId}}_Sheepshead": "Sheepshead/60/dart/3/35/600 2600/spring summer fall winter/both/685 .35/1/.25/.1/0/false",
	"{{ModId}}_WAfricanAngelfish": "West African Angelfish/60/dart/3/18/600 2600/spring summer fall winter/both/685 .35/1/.25/.1/0/false",
	"{{ModId}}_JoculatorAngelfish": "Joculator Angelfish/60/dart/1/5/600 2600/spring summer fall winter/both/685 .35/1/.25/.1/0/false",
	"{{ModId}}_HalfBlackAngelfish": "Half-Black Angelfish/60/dart/1/4/600 2600/spring summer fall winter/both/685 .35/1/.25/.1/0/false",
	"{{ModId}}_FourStripeDamselfish": "Four-Stripe Damselfish/60/dart/1/4/600 2600/spring summer fall winter/both/685 .35/1/.25/.1/0/false",
	"{{ModId}}_BlueHippoTang": "Blue Hippo Tang/60/dart/2/12/600 2600/spring summer fall winter/both/685 .35/1/.25/.1/0/false",
	"{{ModId}}_Tambaqui": "Tambaqui/60/dart/3/42/600 2600/spring summer fall winter/both/685 .35/1/.25/.1/0/false",
	"{{ModId}}_Dolphinfish": "Dolphinfish/80/dart/6/55/600 2600/spring summer fall winter/both/685 .35/1/.25/.1/0/false",
	"{{ModId}}_Huchen": "Huchen/80/dart/12/60/600 2600/spring summer fall winter/both/685 .35/1/.25/.1/0/false",
	"{{ModId}}_Opah": "Opah/80/dart/12/60/600 2600/spring summer fall winter/both/685 .35/1/.25/.1/0/false",
	"{{ModId}}_Goyder": "Goyder River Rainbowfish/60/dart/12/60/600 2600/spring summer fall winter/both/685 .35/1/.25/.1/0/false",
	"{{ModId}}_Pupfish": "Desert Pupfish/60/dart/12/60/600 2600/spring summer fall winter/both/685 .35/1/.25/.1/0/false",
	"{{ModId}}_Triggerfish": "Queen Triggerfish/80/dart/12/60/600 2600/spring summer fall winter/both/685 .35/1/.25/.1/0/false",
	"{{ModId}}_Tarpon": "Tarpon/100/dart/12/60/600 2600/spring summer fall winter/both/685 .35/1/.25/.1/0/false",
	"{{ModId}}_Frogfish": "Frogfsih/40/sinker/12/60/600 2600/spring summer fall winter/both/685 .35/1/.25/.1/0/false",
	"{{ModId}}_GiantBarb": "Giant Barb/80/dart/12/60/600 2600/spring summer fall winter/both/685 .35/1/.25/.1/0/false",
	"{{ModId}}_ForeheadFish": "Red Forehead Fish/40/sinker/12/60/600 2600/spring summer fall winter/both/685 .35/1/.25/.1/0/false",
	"{{ModId}}_Prowfish": "Prowfish/60/dart/12/60/600 2600/spring summer fall winter/both/685 .35/1/.25/.1/0/false",
	"{{ModId}}_PurpleTang": "Purple Tang/60/dart/12/60/600 2600/spring summer fall winter/both/685 .35/1/.25/.1/0/false",
	
	  }
   },
   {  
 "Action": "EditData",
      "Target": "Data/FishPondData",
      "Entries": {
	 //Blue Acara Cichlid
	 "fish_blue_acara": {
    "RequiredTags": [
      "fish_blue_acara"
    ],
    "Precedence": 0,
    "SpawnTime": -1,
    "ProducedItems": [
      {
        "RequiredPopulation": 9,
        "Chance": 0.1,
        "ItemId": "(O)91",
        "MinQuantity": 1,
        "MaxQuantity": 1
      },
      {
        "RequiredPopulation": 9,
        "Chance": 0.05,
        "ItemId": "(O)791",
        "MinQuantity": 1,
        "MaxQuantity": 1
      },
      {
        "RequiredPopulation": 7,
        "Chance": 0.05,
        "ItemId": "(O)91",
        "MinQuantity": 1,
        "MaxQuantity": 1
      },
      {
        "RequiredPopulation": 4,
        "Chance": 0.02,
        "ItemId": "(O)91",
        "MinQuantity": 1,
        "MaxQuantity": 1
      },
      {
        "RequiredPopulation": 1,
        "Chance": 1.0,
        "ItemId": "(O)812",
        "MinQuantity": 1,
        "MaxQuantity": 1
      }
    ],
    "PopulationGates": {
      "4": [
        "(O)830 3"
      ],
      "6": [
        "(O)830 10"
      ]
          }
        }
      }
    },
	{
	 //Blue Diamond Discus
    "Action": "EditData",
      "Target": "Data/FishPondData",
      "Entries": {
		  "fish_blue_diamond_discus": {
    "RequiredTags": [
      "fish_blue_diamond_discus"
    ],
    "Precedence": 0,
    "SpawnTime": -1,
    "ProducedItems": [
      {
        "RequiredPopulation": 9,
        "Chance": 0.1,
        "ItemId": "(O)91",
        "MinQuantity": 1,
        "MaxQuantity": 1
      },
      {
        "RequiredPopulation": 9,
        "Chance": 0.05,
        "ItemId": "(O)791",
        "MinQuantity": 1,
        "MaxQuantity": 1
      },
      {
        "RequiredPopulation": 7,
        "Chance": 0.05,
        "ItemId": "(O)91",
        "MinQuantity": 1,
        "MaxQuantity": 1
      },
      {
        "RequiredPopulation": 4,
        "Chance": 0.02,
        "ItemId": "(O)91",
        "MinQuantity": 1,
        "MaxQuantity": 1
      },
      {
        "RequiredPopulation": 1,
        "Chance": 1.0,
        "ItemId": "(O)812",
        "MinQuantity": 1,
        "MaxQuantity": 1
      }
    ],
    "PopulationGates": {
      "4": [
        "(O)830 3"
      ],
      "6": [
        "(O)830 10"
      ]
        }
        }
      }
    },
     //Golden Discus
	 { "Action": "EditData",
      "Target": "Data/FishPondData",
      "Entries": {
		 "fish_golden_discus": {
    "RequiredTags": [
      "fish_golden_discus"
    ],
    "Precedence": 0,
    "SpawnTime": -1,
    "ProducedItems": [
      {
        "RequiredPopulation": 9,
        "Chance": 0.1,
        "ItemId": "(O)91",
        "MinQuantity": 1,
        "MaxQuantity": 1
      },
      {
        "RequiredPopulation": 9,
        "Chance": 0.05,
        "ItemId": "(O)791",
        "MinQuantity": 1,
        "MaxQuantity": 1
      },
      {
        "RequiredPopulation": 7,
        "Chance": 0.05,
        "ItemId": "(O)91",
        "MinQuantity": 1,
        "MaxQuantity": 1
      },
      {
        "RequiredPopulation": 4,
        "Chance": 0.02,
        "ItemId": "(O)91",
        "MinQuantity": 1,
        "MaxQuantity": 1
      },
      {
        "RequiredPopulation": 1,
        "Chance": 1.0,
        "ItemId": "(O)812",
        "MinQuantity": 1,
        "MaxQuantity": 1
      }
    ],
    "PopulationGates": {
      "4": [
        "(O)830 3"
      ],
      "6": [
        "(O)830 10"
      ]
     }
        }
      }
    },
     //Mercury Discus
	 { "Action": "EditData",
      "Target": "Data/FishPondData",
      "Entries": {
		  "fish_mercury_discus": {
    "RequiredTags": [
      "fish_mercury_discus"
    ],
    "Precedence": 0,
    "SpawnTime": -1,
    "ProducedItems": [
      {
        "RequiredPopulation": 9,
        "Chance": 0.1,
        "ItemId": "(O)91",
        "MinQuantity": 1,
        "MaxQuantity": 1
      },
      {
        "RequiredPopulation": 9,
        "Chance": 0.05,
        "ItemId": "(O)791",
        "MinQuantity": 1,
        "MaxQuantity": 1
      },
      {
        "RequiredPopulation": 7,
        "Chance": 0.05,
        "ItemId": "(O)91",
        "MinQuantity": 1,
        "MaxQuantity": 1
      },
      {
        "RequiredPopulation": 4,
        "Chance": 0.02,
        "ItemId": "(O)91",
        "MinQuantity": 1,
        "MaxQuantity": 1
      },
      {
        "RequiredPopulation": 1,
        "Chance": 1.0,
        "ItemId": "(O)812",
        "MinQuantity": 1,
        "MaxQuantity": 1
      }
    ],
    "PopulationGates": {
      "4": [
        "(O)830 3"
      ],
      "6": [
        "(O)830 10"
      ]
      }
        }
      }
    },
     //Red Marlboro Discus
	 { "Action": "EditData",
      "Target": "Data/FishPondData",
      "Entries": {
		  "fish_red_marlboro_discus": {
    "RequiredTags": [
      "fish_red_marlboro_discus"
    ],
    "Precedence": 0,
    "SpawnTime": -1,
    "ProducedItems": [
      {
        "RequiredPopulation": 9,
        "Chance": 0.1,
        "ItemId": "(O)91",
        "MinQuantity": 1,
        "MaxQuantity": 1
      },
      {
        "RequiredPopulation": 9,
        "Chance": 0.05,
        "ItemId": "(O)791",
        "MinQuantity": 1,
        "MaxQuantity": 1
      },
      {
        "RequiredPopulation": 7,
        "Chance": 0.05,
        "ItemId": "(O)91",
        "MinQuantity": 1,
        "MaxQuantity": 1
      },
      {
        "RequiredPopulation": 4,
        "Chance": 0.02,
        "ItemId": "(O)91",
        "MinQuantity": 1,
        "MaxQuantity": 1
      },
      {
        "RequiredPopulation": 1,
        "Chance": 1.0,
        "ItemId": "(O)812",
        "MinQuantity": 1,
        "MaxQuantity": 1
      }
    ],
    "PopulationGates": {
      "4": [
        "(O)830 3"
      ],
      "6": [
        "(O)830 10"
      ]
	       }
        }
      }
    },
     //White Butterfly Discus
	 {  "Action": "EditData",
      "Target": "Data/FishPondData",
      "Entries": {
		  "fish_white_butterfly_discus": {
    "RequiredTags": [
      "fish_white_butterfly_discus"
    ],
    "Precedence": 0,
    "SpawnTime": -1,
    "ProducedItems": [
      {
        "RequiredPopulation": 9,
        "Chance": 0.1,
        "ItemId": "(O)91",
        "MinQuantity": 1,
        "MaxQuantity": 1
      },
      {
        "RequiredPopulation": 9,
        "Chance": 0.05,
        "ItemId": "(O)791",
        "MinQuantity": 1,
        "MaxQuantity": 1
      },
      {
        "RequiredPopulation": 7,
        "Chance": 0.05,
        "ItemId": "(O)91",
        "MinQuantity": 1,
        "MaxQuantity": 1
      },
      {
        "RequiredPopulation": 4,
        "Chance": 0.02,
        "ItemId": "(O)91",
        "MinQuantity": 1,
        "MaxQuantity": 1
      },
      {
        "RequiredPopulation": 1,
        "Chance": 1.0,
        "ItemId": "(O)812",
        "MinQuantity": 1,
        "MaxQuantity": 1
      }
    ],
    "PopulationGates": {
      "4": [
        "(O)830 3"
      ],
      "6": [
        "(O)830 10"
      ]
     }
        }
      }
    },
     //Brown Discus
	 {   "Action": "EditData",
      "Target": "Data/FishPondData",
      "Entries": {
	"fish_brown_discus": {
    "RequiredTags": [
      "fish_brown_discus"
    ],
    "Precedence": 0,
    "SpawnTime": -1,
    "ProducedItems": [
      {
        "RequiredPopulation": 9,
        "Chance": 0.1,
        "ItemId": "(O)91",
        "MinQuantity": 1,
        "MaxQuantity": 1
      },
      {
        "RequiredPopulation": 9,
        "Chance": 0.05,
        "ItemId": "(O)791",
        "MinQuantity": 1,
        "MaxQuantity": 1
      },
      {
        "RequiredPopulation": 7,
        "Chance": 0.05,
        "ItemId": "(O)91",
        "MinQuantity": 1,
        "MaxQuantity": 1
      },
      {
        "RequiredPopulation": 4,
        "Chance": 0.02,
        "ItemId": "(O)91",
        "MinQuantity": 1,
        "MaxQuantity": 1
      },
      {
        "RequiredPopulation": 1,
        "Chance": 1.0,
        "ItemId": "(O)812",
        "MinQuantity": 1,
        "MaxQuantity": 1
      }
    ],
    "PopulationGates": {
      "4": [
        "(O)830 3"
      ],
      "6": [
        "(O)830 10"
      ]
     }
        }
      }
    },
	//Silver Angelfish
	{   "Action": "EditData",
      "Target": "Data/FishPondData",
      "Entries": {
		  "fish_silver_angelfish": {
    "RequiredTags": [
      "fish_silver_angelfish"
    ],
    "Precedence": 0,
    "SpawnTime": -1,
    "ProducedItems": [
      {
        "RequiredPopulation": 9,
        "Chance": 0.1,
        "ItemId": "(O)91",
        "MinQuantity": 1,
        "MaxQuantity": 1
      },
      {
        "RequiredPopulation": 9,
        "Chance": 0.05,
        "ItemId": "(O)791",
        "MinQuantity": 1,
        "MaxQuantity": 1
      },
      {
        "RequiredPopulation": 7,
        "Chance": 0.05,
        "ItemId": "(O)91",
        "MinQuantity": 1,
        "MaxQuantity": 1
      },
      {
        "RequiredPopulation": 4,
        "Chance": 0.02,
        "ItemId": "(O)91",
        "MinQuantity": 1,
        "MaxQuantity": 1
      },
      {
        "RequiredPopulation": 1,
        "Chance": 1.0,
        "ItemId": "(O)812",
        "MinQuantity": 1,
        "MaxQuantity": 1
      }
    ],
    "PopulationGates": {
      "4": [
        "(O)830 3"
      ],
      "6": [
        "(O)830 10"
      ]
     }
        }
      }
    },
	//Koi Angelfish
	{   "Action": "EditData",
      "Target": "Data/FishPondData",
      "Entries": {
		  "fish_koi_angelfish": {
    "RequiredTags": [
      "fish_koi_angelfish"
    ],
    "Precedence": 0,
    "SpawnTime": -1,
    "ProducedItems": [
      {
        "RequiredPopulation": 9,
        "Chance": 0.1,
        "ItemId": "(O)91",
        "MinQuantity": 1,
        "MaxQuantity": 1
      },
      {
        "RequiredPopulation": 9,
        "Chance": 0.05,
        "ItemId": "(O)791",
        "MinQuantity": 1,
        "MaxQuantity": 1
      },
      {
        "RequiredPopulation": 7,
        "Chance": 0.05,
        "ItemId": "(O)91",
        "MinQuantity": 1,
        "MaxQuantity": 1
      },
      {
        "RequiredPopulation": 4,
        "Chance": 0.02,
        "ItemId": "(O)91",
        "MinQuantity": 1,
        "MaxQuantity": 1
      },
      {
        "RequiredPopulation": 1,
        "Chance": 1.0,
        "ItemId": "(O)812",
        "MinQuantity": 1,
        "MaxQuantity": 1
      }
    ],
    "PopulationGates": {
      "4": [
        "(O)830 3"
      ],
      "6": [
        "(O)830 10"
      ]
	       }
        }
      }
    },
     //Platinum Angelfish
	 {  "Action": "EditData",
      "Target": "Data/FishPondData",
      "Entries": {
		  "fish_platinum_angelfish": {
    "RequiredTags": [
      "fish_platinum_angelfish"
    ],
    "Precedence": 0,
    "SpawnTime": -1,
    "ProducedItems": [
      {
        "RequiredPopulation": 9,
        "Chance": 0.1,
        "ItemId": "(O)91",
        "MinQuantity": 1,
        "MaxQuantity": 1
      },
      {
        "RequiredPopulation": 9,
        "Chance": 0.05,
        "ItemId": "(O)791",
        "MinQuantity": 1,
        "MaxQuantity": 1
      },
      {
        "RequiredPopulation": 7,
        "Chance": 0.05,
        "ItemId": "(O)91",
        "MinQuantity": 1,
        "MaxQuantity": 1
      },
      {
        "RequiredPopulation": 4,
        "Chance": 0.02,
        "ItemId": "(O)91",
        "MinQuantity": 1,
        "MaxQuantity": 1
      },
      {
        "RequiredPopulation": 1,
        "Chance": 1.0,
        "ItemId": "(O)812",
        "MinQuantity": 1,
        "MaxQuantity": 1
      }
    ],
    "PopulationGates": {
      "4": [
        "(O)830 3"
      ],
      "6": [
        "(O)830 10"
      ]
	       }
        }
      }
    },
     //Blue Pinoy Angelfish
	 {   "Action": "EditData",
      "Target": "Data/FishPondData",
      "Entries": {
		  "fish_blue_pinoy_angelfish": {
    "RequiredTags": [
      "fish_blue_pinoy_angelfish"
    ],
    "Precedence": 0,
    "SpawnTime": -1,
    "ProducedItems": [
      {
        "RequiredPopulation": 9,
        "Chance": 0.1,
        "ItemId": "(O)91",
        "MinQuantity": 1,
        "MaxQuantity": 1
      },
      {
        "RequiredPopulation": 9,
        "Chance": 0.05,
        "ItemId": "(O)791",
        "MinQuantity": 1,
        "MaxQuantity": 1
      },
      {
        "RequiredPopulation": 7,
        "Chance": 0.05,
        "ItemId": "(O)91",
        "MinQuantity": 1,
        "MaxQuantity": 1
      },
      {
        "RequiredPopulation": 4,
        "Chance": 0.02,
        "ItemId": "(O)91",
        "MinQuantity": 1,
        "MaxQuantity": 1
      },
      {
        "RequiredPopulation": 1,
        "Chance": 1.0,
        "ItemId": "(O)812",
        "MinQuantity": 1,
        "MaxQuantity": 1
      }
    ],
    "PopulationGates": {
      "4": [
        "(O)830 3"
      ],
      "6": [
        "(O)830 10"
      ]
	       }
        }
      }
    },
  	 //San Merah Discus
	 {   "Action": "EditData",
      "Target": "Data/FishPondData",
      "Entries": {
		  "fish_san_merah_discus": {
    "RequiredTags": [
      "fish_san_merah_discus"
    ],
    "Precedence": 0,
    "SpawnTime": -1,
    "ProducedItems": [
      {
        "RequiredPopulation": 9,
        "Chance": 0.1,
        "ItemId": "(O)91",
        "MinQuantity": 1,
        "MaxQuantity": 1
      },
      {
        "RequiredPopulation": 9,
        "Chance": 0.05,
        "ItemId": "(O)791",
        "MinQuantity": 1,
        "MaxQuantity": 1
      },
      {
        "RequiredPopulation": 7,
        "Chance": 0.05,
        "ItemId": "(O)91",
        "MinQuantity": 1,
        "MaxQuantity": 1
      },
      {
        "RequiredPopulation": 4,
        "Chance": 0.02,
        "ItemId": "(O)91",
        "MinQuantity": 1,
        "MaxQuantity": 1
      },
      {
        "RequiredPopulation": 1,
        "Chance": 1.0,
        "ItemId": "(O)812",
        "MinQuantity": 1,
        "MaxQuantity": 1
      }
    ],
    "PopulationGates": {
      "4": [
        "(O)830 3"
      ],
      "6": [
        "(O)830 10"
      ]
         }
        }
      }
    },
  	 //Trimac Cichlid
	 {   "Action": "EditData",
      "Target": "Data/FishPondData",
      "Entries": {
		  "fish_trimac_cichlid": {
    "RequiredTags": [
      "fish_trimac_cichlid"
    ],
    "Precedence": 0,
    "SpawnTime": -1,
    "ProducedItems": [
      {
        "RequiredPopulation": 9,
        "Chance": 0.1,
        "ItemId": "(O)91",
        "MinQuantity": 1,
        "MaxQuantity": 1
      },
      {
        "RequiredPopulation": 9,
        "Chance": 0.05,
        "ItemId": "(O)791",
        "MinQuantity": 1,
        "MaxQuantity": 1
      },
      {
        "RequiredPopulation": 7,
        "Chance": 0.05,
        "ItemId": "(O)91",
        "MinQuantity": 1,
        "MaxQuantity": 1
      },
      {
        "RequiredPopulation": 4,
        "Chance": 0.02,
        "ItemId": "(O)91",
        "MinQuantity": 1,
        "MaxQuantity": 1
      },
      {
        "RequiredPopulation": 1,
        "Chance": 1.0,
        "ItemId": "(O)812",
        "MinQuantity": 1,
        "MaxQuantity": 1
      }
    ],
    "PopulationGates": {
      "4": [
        "(O)830 3"
      ],
      "6": [
        "(O)830 10"
      ]
         }
        }
      }
    },
  	 //Betta rubra
	 {   "Action": "EditData",
      "Target": "Data/FishPondData",
      "Entries": {
		  "fish_betta_rubra": {
    "RequiredTags": [
      "fish_betta_rubra"
    ],
    "Precedence": 0,
    "SpawnTime": -1,
    "ProducedItems": [
      {
        "RequiredPopulation": 9,
        "Chance": 0.1,
        "ItemId": "(O)91",
        "MinQuantity": 1,
        "MaxQuantity": 1
      },
      {
        "RequiredPopulation": 9,
        "Chance": 0.05,
        "ItemId": "(O)791",
        "MinQuantity": 1,
        "MaxQuantity": 1
      },
      {
        "RequiredPopulation": 7,
        "Chance": 0.05,
        "ItemId": "(O)91",
        "MinQuantity": 1,
        "MaxQuantity": 1
      },
      {
        "RequiredPopulation": 4,
        "Chance": 0.02,
        "ItemId": "(O)91",
        "MinQuantity": 1,
        "MaxQuantity": 1
      },
      {
        "RequiredPopulation": 1,
        "Chance": 1.0,
        "ItemId": "(O)812",
        "MinQuantity": 1,
        "MaxQuantity": 1
      }
    ],
    "PopulationGates": {
      "4": [
        "(O)830 3"
      ],
      "6": [
        "(O)830 10"
      ]
                }
        }
      }
    },
	 //Boesemani Rainbowfish
	 {   "Action": "EditData",
      "Target": "Data/FishPondData",
      "Entries": {
		  "fish_Boesemani_Rainbowfish": {
    "RequiredTags": [
      "fish_Boesemani_Rainbowfish"
    ],
    "Precedence": 0,
    "SpawnTime": -1,
    "ProducedItems": [
      {
        "RequiredPopulation": 9,
        "Chance": 0.1,
        "ItemId": "(O)91",
        "MinQuantity": 1,
        "MaxQuantity": 1
      },
      {
        "RequiredPopulation": 9,
        "Chance": 0.05,
        "ItemId": "(O)791",
        "MinQuantity": 1,
        "MaxQuantity": 1
      },
      {
        "RequiredPopulation": 7,
        "Chance": 0.05,
        "ItemId": "(O)91",
        "MinQuantity": 1,
        "MaxQuantity": 1
      },
      {
        "RequiredPopulation": 4,
        "Chance": 0.02,
        "ItemId": "(O)91",
        "MinQuantity": 1,
        "MaxQuantity": 1
      },
      {
        "RequiredPopulation": 1,
        "Chance": 1.0,
        "ItemId": "(O)812",
        "MinQuantity": 1,
        "MaxQuantity": 1
      }
    ],
    "PopulationGates": {
      "4": [
        "(O)830 3"
      ],
      "6": [
        "(O)830 10"
      ]
                }
        }
      }
    },
	//Betta channoides
	 {   "Action": "EditData",
      "Target": "Data/FishPondData",
      "Entries": {
		  "fish_betta_channoides": {
    "RequiredTags": [
      "fish_betta_channoides"
    ],
    "Precedence": 0,
    "SpawnTime": -1,
    "ProducedItems": [
      {
        "RequiredPopulation": 9,
        "Chance": 0.1,
        "ItemId": "(O)91",
        "MinQuantity": 1,
        "MaxQuantity": 1
      },
      {
        "RequiredPopulation": 9,
        "Chance": 0.05,
        "ItemId": "(O)791",
        "MinQuantity": 1,
        "MaxQuantity": 1
      },
      {
        "RequiredPopulation": 7,
        "Chance": 0.05,
        "ItemId": "(O)91",
        "MinQuantity": 1,
        "MaxQuantity": 1
      },
      {
        "RequiredPopulation": 4,
        "Chance": 0.02,
        "ItemId": "(O)91",
        "MinQuantity": 1,
        "MaxQuantity": 1
      },
      {
        "RequiredPopulation": 1,
        "Chance": 1.0,
        "ItemId": "(O)812",
        "MinQuantity": 1,
        "MaxQuantity": 1
      }
    ],
    "PopulationGates": {
      "4": [
        "(O)830 3"
      ],
      "6": [
        "(O)830 10"
      ]
                }
        }
      }
    },
	//Betta macrostoma
	 {   "Action": "EditData",
      "Target": "Data/FishPondData",
      "Entries": {
		  "fish_betta_macrostoma": {
    "RequiredTags": [
      "fish_betta_macrostoma"
    ],
    "Precedence": 0,
    "SpawnTime": -1,
    "ProducedItems": [
      {
        "RequiredPopulation": 9,
        "Chance": 0.1,
        "ItemId": "(O)91",
        "MinQuantity": 1,
        "MaxQuantity": 1
      },
      {
        "RequiredPopulation": 9,
        "Chance": 0.05,
        "ItemId": "(O)791",
        "MinQuantity": 1,
        "MaxQuantity": 1
      },
      {
        "RequiredPopulation": 7,
        "Chance": 0.05,
        "ItemId": "(O)91",
        "MinQuantity": 1,
        "MaxQuantity": 1
      },
      {
        "RequiredPopulation": 4,
        "Chance": 0.02,
        "ItemId": "(O)91",
        "MinQuantity": 1,
        "MaxQuantity": 1
      },
      {
        "RequiredPopulation": 1,
        "Chance": 1.0,
        "ItemId": "(O)812",
        "MinQuantity": 1,
        "MaxQuantity": 1
      }
    ],
    "PopulationGates": {
      "4": [
        "(O)830 3"
      ],
      "6": [
        "(O)830 10"
      ]
                }
        }
      }
    },
		//Betta persephone
	 {   "Action": "EditData",
      "Target": "Data/FishPondData",
      "Entries": {
		  "fish_betta_persephone": {
    "RequiredTags": [
      "fish_betta_persephone"
    ],
    "Precedence": 0,
    "SpawnTime": -1,
    "ProducedItems": [
      {
        "RequiredPopulation": 9,
        "Chance": 0.1,
        "ItemId": "(O)91",
        "MinQuantity": 1,
        "MaxQuantity": 1
      },
      {
        "RequiredPopulation": 9,
        "Chance": 0.05,
        "ItemId": "(O)791",
        "MinQuantity": 1,
        "MaxQuantity": 1
      },
      {
        "RequiredPopulation": 7,
        "Chance": 0.05,
        "ItemId": "(O)91",
        "MinQuantity": 1,
        "MaxQuantity": 1
      },
      {
        "RequiredPopulation": 4,
        "Chance": 0.02,
        "ItemId": "(O)91",
        "MinQuantity": 1,
        "MaxQuantity": 1
      },
      {
        "RequiredPopulation": 1,
        "Chance": 1.0,
        "ItemId": "(O)812",
        "MinQuantity": 1,
        "MaxQuantity": 1
      }
    ],
    "PopulationGates": {
      "4": [
        "(O)830 3"
      ],
      "6": [
        "(O)830 10"
      ]
                }
        }
      }
    },
		//Candy Darter
	 {   "Action": "EditData",
      "Target": "Data/FishPondData",
      "Entries": {
		  "fish_candy_darter": {
    "RequiredTags": [
      "fish_candy_darter"
    ],
    "Precedence": 0,
    "SpawnTime": -1,
    "ProducedItems": [
      {
        "RequiredPopulation": 9,
        "Chance": 0.1,
        "ItemId": "(O)91",
        "MinQuantity": 1,
        "MaxQuantity": 1
      },
      {
        "RequiredPopulation": 9,
        "Chance": 0.05,
        "ItemId": "(O)791",
        "MinQuantity": 1,
        "MaxQuantity": 1
      },
      {
        "RequiredPopulation": 7,
        "Chance": 0.05,
        "ItemId": "(O)91",
        "MinQuantity": 1,
        "MaxQuantity": 1
      },
      {
        "RequiredPopulation": 4,
        "Chance": 0.02,
        "ItemId": "(O)91",
        "MinQuantity": 1,
        "MaxQuantity": 1
      },
      {
        "RequiredPopulation": 1,
        "Chance": 1.0,
        "ItemId": "(O)812",
        "MinQuantity": 1,
        "MaxQuantity": 1
      }
    ],
    "PopulationGates": {
      "4": [
        "(O)830 3"
      ],
      "6": [
        "(O)830 10"
      ]
                }
        }
      }
    },
		//Rainbow Darter
	 {   "Action": "EditData",
      "Target": "Data/FishPondData",
      "Entries": {
		  "fish_rainbow_darter": {
    "RequiredTags": [
      "fish_rainbow_darter"
    ],
    "Precedence": 0,
    "SpawnTime": -1,
    "ProducedItems": [
      {
        "RequiredPopulation": 9,
        "Chance": 0.1,
        "ItemId": "(O)91",
        "MinQuantity": 1,
        "MaxQuantity": 1
      },
      {
        "RequiredPopulation": 9,
        "Chance": 0.05,
        "ItemId": "(O)791",
        "MinQuantity": 1,
        "MaxQuantity": 1
      },
      {
        "RequiredPopulation": 7,
        "Chance": 0.05,
        "ItemId": "(O)91",
        "MinQuantity": 1,
        "MaxQuantity": 1
      },
      {
        "RequiredPopulation": 4,
        "Chance": 0.02,
        "ItemId": "(O)91",
        "MinQuantity": 1,
        "MaxQuantity": 1
      },
      {
        "RequiredPopulation": 1,
        "Chance": 1.0,
        "ItemId": "(O)812",
        "MinQuantity": 1,
        "MaxQuantity": 1
      }
    ],
    "PopulationGates": {
      "4": [
        "(O)830 3"
      ],
      "6": [
        "(O)830 10"
      ]
                }
        }
      }
    },
		//Golden Trout
	 {   "Action": "EditData",
      "Target": "Data/FishPondData",
      "Entries": {
		  "fish_golden_trout": {
    "RequiredTags": [
      "fish_golden_trout"
    ],
    "Precedence": 0,
    "SpawnTime": -1,
    "ProducedItems": [
      {
        "RequiredPopulation": 9,
        "Chance": 0.1,
        "ItemId": "(O)91",
        "MinQuantity": 1,
        "MaxQuantity": 1
      },
      {
        "RequiredPopulation": 9,
        "Chance": 0.05,
        "ItemId": "(O)791",
        "MinQuantity": 1,
        "MaxQuantity": 1
      },
      {
        "RequiredPopulation": 7,
        "Chance": 0.05,
        "ItemId": "(O)91",
        "MinQuantity": 1,
        "MaxQuantity": 1
      },
      {
        "RequiredPopulation": 4,
        "Chance": 0.02,
        "ItemId": "(O)91",
        "MinQuantity": 1,
        "MaxQuantity": 1
      },
      {
        "RequiredPopulation": 1,
        "Chance": 1.0,
        "ItemId": "(O)812",
        "MinQuantity": 1,
        "MaxQuantity": 1
      }
    ],
    "PopulationGates": {
      "4": [
        "(O)830 3"
      ],
      "6": [
        "(O)830 10"
      ]
                }
        }
      }
    },
		//Sheepshead
	 {   "Action": "EditData",
      "Target": "Data/FishPondData",
      "Entries": {
		  "fish_sheepshead": {
    "RequiredTags": [
      "fish_sheepshead"
    ],
    "Precedence": 0,
    "SpawnTime": -1,
    "ProducedItems": [
      {
        "RequiredPopulation": 9,
        "Chance": 0.1,
        "ItemId": "(O)91",
        "MinQuantity": 1,
        "MaxQuantity": 1
      },
      {
        "RequiredPopulation": 9,
        "Chance": 0.05,
        "ItemId": "(O)791",
        "MinQuantity": 1,
        "MaxQuantity": 1
      },
      {
        "RequiredPopulation": 7,
        "Chance": 0.05,
        "ItemId": "(O)91",
        "MinQuantity": 1,
        "MaxQuantity": 1
      },
      {
        "RequiredPopulation": 4,
        "Chance": 0.02,
        "ItemId": "(O)91",
        "MinQuantity": 1,
        "MaxQuantity": 1
      },
      {
        "RequiredPopulation": 1,
        "Chance": 1.0,
        "ItemId": "(O)812",
        "MinQuantity": 1,
        "MaxQuantity": 1
      }
    ],
    "PopulationGates": {
      "4": [
        "(O)830 3"
      ],
      "6": [
        "(O)830 10"
      ]
                }
        }
      }
    },
		//Betta brownorum
	 {   "Action": "EditData",
      "Target": "Data/FishPondData",
      "Entries": {
		  "fish_betta_brownorum": {
    "RequiredTags": [
      "fish_betta_brownorum"
    ],
    "Precedence": 0,
    "SpawnTime": -1,
    "ProducedItems": [
      {
        "RequiredPopulation": 9,
        "Chance": 0.1,
        "ItemId": "(O)91",
        "MinQuantity": 1,
        "MaxQuantity": 1
      },
      {
        "RequiredPopulation": 9,
        "Chance": 0.05,
        "ItemId": "(O)791",
        "MinQuantity": 1,
        "MaxQuantity": 1
      },
      {
        "RequiredPopulation": 7,
        "Chance": 0.05,
        "ItemId": "(O)91",
        "MinQuantity": 1,
        "MaxQuantity": 1
      },
      {
        "RequiredPopulation": 4,
        "Chance": 0.02,
        "ItemId": "(O)91",
        "MinQuantity": 1,
        "MaxQuantity": 1
      },
      {
        "RequiredPopulation": 1,
        "Chance": 1.0,
        "ItemId": "(O)812",
        "MinQuantity": 1,
        "MaxQuantity": 1
      }
    ],
    "PopulationGates": {
      "4": [
        "(O)830 3"
      ],
      "6": [
        "(O)830 10"
      ]
                }
        }
      }
    },
		//Betta antuta
	 {   "Action": "EditData",
      "Target": "Data/FishPondData",
      "Entries": {
		  "fish_betta_antuta": {
    "RequiredTags": [
      "fish_betta_antuta"
    ],
    "Precedence": 0,
    "SpawnTime": -1,
    "ProducedItems": [
      {
        "RequiredPopulation": 9,
        "Chance": 0.1,
        "ItemId": "(O)91",
        "MinQuantity": 1,
        "MaxQuantity": 1
      },
      {
        "RequiredPopulation": 9,
        "Chance": 0.05,
        "ItemId": "(O)791",
        "MinQuantity": 1,
        "MaxQuantity": 1
      },
      {
        "RequiredPopulation": 7,
        "Chance": 0.05,
        "ItemId": "(O)91",
        "MinQuantity": 1,
        "MaxQuantity": 1
      },
      {
        "RequiredPopulation": 4,
        "Chance": 0.02,
        "ItemId": "(O)91",
        "MinQuantity": 1,
        "MaxQuantity": 1
      },
      {
        "RequiredPopulation": 1,
        "Chance": 1.0,
        "ItemId": "(O)812",
        "MinQuantity": 1,
        "MaxQuantity": 1
      }
    ],
    "PopulationGates": {
      "4": [
        "(O)830 3"
      ],
      "6": [
        "(O)830 10"
      ]
                }
        }
      }
    },
	
		 {
      "LogName": "Aquarium Data",
      "Action": "EditData",
      "Target": "Data/AquariumFish",
      "Entries": {
	"{{ModId}}_BlueAcara": "0/fish/////Mods\\FernRiver\\AquariumFish",
	"{{ModId}}_BlueDiamond": "1/fish/////Mods\\FernRiver\\AquariumFish",
	"{{ModId}}_GoldenDiscus": "2/fish/////Mods\\FernRiver\\AquariumFish",
	"{{ModId}}_MercuryDiscus": "3/fish/////Mods\\FernRiver\\AquariumFish",
	"{{ModId}}_RedMarlboro": "4/fish/////Mods\\FernRiver\\AquariumFish",
	"{{ModId}}_WhiteButterflyDiscus": "5/fish/////Mods\\FernRiver\\AquariumFish",
	"{{ModId}}_BrownDiscus": "6/fish/////Mods\\FernRiver\\AquariumFish",
	"{{ModId}}_SilverAngelfish": "7/fish/////Mods\\FernRiver\\AquariumFish",
	"{{ModId}}_KoiAngelfish": "8/fish/////Mods\\FernRiver\\AquariumFish",
	"{{ModId}}_PlatinumAngelfish": "9/fish/////Mods\\FernRiver\\AquariumFish",
	"{{ModId}}_BluePinoyAngelfish": "10/fish/////Mods\\FernRiver\\AquariumFish",
	"{{ModId}}_SanMerahDiscus": "11/fish/////Mods\\FernRiver\\AquariumFish",
	"{{ModId}}_TrimacCichlid": "12/fish/////Mods\\FernRiver\\AquariumFish",
	"{{ModId}}_BettaRubra": "13/fish/////Mods\\FernRiver\\AquariumFish",
	"{{ModId}}_BoesemaniRainbowfish": "14/fish/////Mods\\FernRiver\\AquariumFish",
	"{{ModId}}_BettaChannoides": "15/fish/////Mods\\FernRiver\\AquariumFish",
	"{{ModId}}_BettaMacrostoma": "16/fish/////Mods\\FernRiver\\AquariumFish",
	"{{ModId}}_BettaHendra": "17/fish/////Mods\\FernRiver\\AquariumFish",
	"{{ModId}}_BettaPersephone": "18/fish/////Mods\\FernRiver\\AquariumFish",
	"{{ModId}}_CandyDarter": "19/fish/////Mods\\FernRiver\\AquariumFish",
	"{{ModId}}_RainbowDarter": "20/fish/////Mods\\FernRiver\\AquariumFish",
	"{{ModId}}_GoldenTrout": "21/fish/////Mods\\FernRiver\\AquariumFish",
	"{{ModId}}_Sheepshead": "22/fish/////Mods\\FernRiver\\AquariumFish",
	"{{ModId}}_BettaBrownorum": "23/fish/////Mods\\FernRiver\\AquariumFish",
	"{{ModId}}_BettaAntuta": "24/fish/////Mods\\FernRiver\\AquariumFish",
	"{{ModId}}_WAfricanAngelfish": "25/fish/////Mods\\FernRiver\\AquariumFish",
	"{{ModId}}_JoculatorAngelfish": "26/fish/////Mods\\FernRiver\\AquariumFish",
	"{{ModId}}_HalfBlackAngelfish": "27/fish/////Mods\\FernRiver\\AquariumFish",
	"{{ModId}}_FourStripeDamselfish": "28/fish/////Mods\\FernRiver\\AquariumFish",
	"{{ModId}}_BlueHippoTang": "29/fish/////Mods\\FernRiver\\AquariumFish",
	"{{ModId}}_Tambaqui": "30/fish/////Mods\\FernRiver\\AquariumFish",
	"{{ModId}}_Dolphinfish": "31/fish/////Mods\\FernRiver\\AquariumFish",
	"{{ModId}}_Huchen": "32/fish/////Mods\\FernRiver\\AquariumFish",
	"{{ModId}}_Opah": "34/fish/////Mods\\FernRiver\\AquariumFish",
	"{{ModId}}_Goyder": "33/fish/////Mods\\FernRiver\\AquariumFish",
	"{{ModId}}_Pupfish": "35/fish/////Mods\\FernRiver\\AquariumFish",
	"{{ModId}}_Triggerfish": "36/fish/////Mods\\FernRiver\\AquariumFish",
	"{{ModId}}_Tarpon": "37/fish/////Mods\\FernRiver\\AquariumFish",
	"{{ModId}}_Frogfish": "38/crawl/////Mods\\FernRiver\\AquariumFish",
	"{{ModId}}_GiantBarb": "39/fish/////Mods\\FernRiver\\AquariumFish",
	"{{ModId}}_ForeheadFish": "40/crawl/////Mods\\FernRiver\\AquariumFish",
	"{{ModId}}_Prowfish": "41/fish/////Mods\\FernRiver\\AquariumFish",
	"{{ModId}}_PurpleTang": "42/fish/////Mods\\FernRiver\\AquariumFish"
  }
    },
	 ]
}