{
  "Changes": [
 {
			//Add Fish to Fern River town year-round
			"Action": "EditData",
			"Target": "Data/Locations",
			"TargetField": [
				"FernRiver_TownFernValley",
				"Fish"
			],
			"Entries": {
                "{{ModId}}_BlueAcara": {
                    "Id": "{{ModId}}_BlueAcara",
                    "ItemId": "(O){{ModId}}_BlueAcara",
                    "Condition": "LOCATION_SEASON Here spring summer fall winter",
					},
				 "{{ModId}}_BlueDiamond": {
                    "Id": "{{ModId}}_BlueDiamond",
                    "ItemId": "(O){{ModId}}_BlueDiamond",
                    "Condition": "LOCATION_SEASON Here spring summer fall winter",
					},
					 "{{ModId}}_GoldenDiscus": {
                    "Id": "{{ModId}}_GoldenDiscus",
                    "ItemId": "(O){{ModId}}_GoldenDiscus",
                    "Condition": "LOCATION_SEASON Here spring summer fall winter",
					},
					 "{{ModId}}_MercuryDiscus": {
                    "Id": "{{ModId}}_MercuryDiscus",
                    "ItemId": "(O){{ModId}}_MercuryDiscus",
                    "Condition": "LOCATION_SEASON Here spring summer fall winter",
					},
					 "{{ModId}}_RedMarlboro": {
                    "Id": "{{ModId}}_RedMarlboro",
                    "ItemId": "(O){{ModId}}_RedMarlboro",
                    "Condition": "LOCATION_SEASON Here spring summer fall winter",
					},
					 "{{ModId}}_WhiteButterflyDiscus": {
                    "Id": "{{ModId}}_WhiteButterflyDiscus",
                    "ItemId": "(O){{ModId}}_WhiteButterflyDiscus",
                    "Condition": "LOCATION_SEASON Here spring summer fall winter",
					},
					 "{{ModId}}_BrownDiscus": {
                    "Id": "{{ModId}}_BrownDiscus",
                    "ItemId": "(O){{ModId}}_BrownDiscus",
                    "Condition": "LOCATION_SEASON Here spring summer fall winter",
					},
					 "{{ModId}}_SanMerahDiscus": {
                    "Id": "{{ModId}}_SanMerahDiscus",
                    "ItemId": "(O){{ModId}}_SanMerahDiscus",
                    "Condition": "LOCATION_SEASON Here spring summer fall winter",
					},
				 "{{ModId}}_TrimacCichlid": {
                    "Id": "{{ModId}}_TrimacCichlid",
                    "ItemId": "(O){{ModId}}_TrimacCichlid",
                    "Condition": "LOCATION_SEASON Here spring summer fall winter",
					},
					 "{{ModId}}_BettaRubra": {
                    "Id": "{{ModId}}_BettaRubra",
                    "ItemId": "(O){{ModId}}_BettaRubra",
                    "Condition": "LOCATION_SEASON Here spring summer fall winter",
					},
					 "{{ModId}}_BoesemaniRainbowfish": {
                    "Id": "{{ModId}}_BoesemaniRainbowfish",
                    "ItemId": "(O){{ModId}}_BoesemaniRainbowfish",
                    "Condition": "LOCATION_SEASON Here spring summer fall winter",
					},
					 "{{ModId}}_BettaChannoides": {
                    "Id": "{{ModId}}_BettaChannoides",
                    "ItemId": "(O){{ModId}}_BettaChannoides",
                    "Condition": "LOCATION_SEASON Here spring summer fall",
					},
					 "{{ModId}}_BettaMacrostoma": {
                    "Id": "{{ModId}}_BettaMacrostoma",
                    "ItemId": "(O){{ModId}}_BettaMacrostoma",
                    "Condition": "LOCATION_SEASON Here summer fall",
					},
					"{{ModId}}_BettaHendra": {
                    "Id": "{{ModId}}_BettaHendra",
                    "ItemId": "(O){{ModId}}_BettaHendra",
                    "Condition": "LOCATION_SEASON Here summer fall",
					},
					 "{{ModId}}_BettaPersephone": {
                    "Id": "{{ModId}}_BettaPersephone",
                    "ItemId": "(O){{ModId}}_BettaPersephone",
                    "Condition": "LOCATION_SEASON Here summer fall",
					},
					"{{ModId}}_BettaBrownorum": {
                    "Id": "{{ModId}}_BettaBrownorum",
                    "ItemId": "(O){{ModId}}_BettaBrownorum",
                    "Condition": "LOCATION_SEASON Here summer fall",
					},
					"{{ModId}}_BettaAntuta": {
                    "Id": "{{ModId}}_BettaAntuta",
                    "ItemId": "(O){{ModId}}_BettaAntuta",
                    "Condition": "LOCATION_SEASON Here summer fall",
					},
					 "{{ModId}}_Tambaqui": {
                    "Id": "{{ModId}}_Tambaqui",
                    "ItemId": "(O){{ModId}}_Tambaqui",
                    "Condition": "LOCATION_SEASON Here spring summer fall winter",
					},
					 "{{ModId}}_Huchen": {
                    "Id": "{{ModId}}_Huchen",
                    "ItemId": "(O){{ModId}}_Huchen",
                    "Condition": "LOCATION_SEASON Here spring summer fall winter",
					},
					 "{{ModId}}_Goyder": {
                    "Id": "{{ModId}}_Goyder",
                    "ItemId": "(O){{ModId}}_Goyder",
                    "Condition": "LOCATION_SEASON Here summer fall",
					},
					 "{{ModId}}_GiantBarb": {
                    "Id": "{{ModId}}_GiantBarb",
                    "ItemId": "(O){{ModId}}_GiantBarb",
                    "Condition": "LOCATION_SEASON Here spring winter",
					},
				}
				},
				{
			//Add Fish to Fern River town year-round
			"Action": "EditData",
			"Target": "Data/Locations",
			"TargetField": [
				"FernRiver_WaterFernValley",
				"Fish"
			],
			"Entries": {
                "{{ModId}}_BlueAcara": {
                    "Id": "{{ModId}}_BlueAcara",
                    "ItemId": "(O){{ModId}}_BlueAcara",
                    "Condition": "LOCATION_SEASON Here spring summer fall winter",
					},
					 "{{ModId}}_SilverAngelfish": {
                    "Id": "{{ModId}}_SilverAngelfish",
                    "ItemId": "(O){{ModId}}_SilverAngelfish",
                    "Condition": "LOCATION_SEASON Here spring summer fall winter",
					},
					 "{{ModId}}_KoiAngelfish": {
                    "Id": "{{ModId}}_KoiAngelfish",
                    "ItemId": "(O){{ModId}}_KoiAngelfish",
                    "Condition": "LOCATION_SEASON Here spring summer fall winter",
					},
					 "{{ModId}}_PlatinumAngelfish": {
                    "Id": "{{ModId}}_PlatinumAngelfish",
                    "ItemId": "(O){{ModId}}_PlatinumAngelfish",
                    "Condition": "LOCATION_SEASON Here spring summer fall winter",
					},
					 "{{ModId}}_BluePinoyAngelfish": {
                    "Id": "{{ModId}}_BluePinoyAngelfish",
                    "ItemId": "(O){{ModId}}_BluePinoyAngelfish",
                    "Condition": "LOCATION_SEASON Here spring summer fall winter",
					},
				 "{{ModId}}_TrimacCichlid": {
                    "Id": "{{ModId}}_TrimacCichlid",
                    "ItemId": "(O){{ModId}}_TrimacCichlid",
                    "Condition": "LOCATION_SEASON Here spring summer fall winter",
					},
					 "{{ModId}}_BettaRubra": {
                    "Id": "{{ModId}}_BettaRubra",
                    "ItemId": "(O){{ModId}}_BettaRubra",
                    "Condition": "LOCATION_SEASON Here spring summer fall winter",
					},
					 "{{ModId}}_BoesemaniRainbowfish": {
                    "Id": "{{ModId}}_BoesemaniRainbowfish",
                    "ItemId": "(O){{ModId}}_BoesemaniRainbowfish",
                    "Condition": "LOCATION_SEASON Here spring summer fall winter",
					},
					 "{{ModId}}_BettaChannoides": {
                    "Id": "{{ModId}}_BettaChannoides",
                    "ItemId": "(O){{ModId}}_BettaChannoides",
                    "Condition": "LOCATION_SEASON Here spring summer fall",
					},
					 "{{ModId}}_BettaMacrostoma": {
                    "Id": "{{ModId}}_BettaMacrostoma",
                    "ItemId": "(O){{ModId}}_BettaMacrostoma",
                    "Condition": "LOCATION_SEASON Here summer fall",
					},
					"{{ModId}}_BettaHendra": {
                    "Id": "{{ModId}}_BettaHendra",
                    "ItemId": "(O){{ModId}}_BettaHendra",
                    "Condition": "LOCATION_SEASON Here summer fall",
					},
					 "{{ModId}}_BettaPersephone": {
                    "Id": "{{ModId}}_BettaPersephone",
                    "ItemId": "(O){{ModId}}_BettaPersephone",
                    "Condition": "LOCATION_SEASON Here summer fall",
					},
					"{{ModId}}_BettaBrownorum": {
                    "Id": "{{ModId}}_BettaBrownorum",
                    "ItemId": "(O){{ModId}}_BettaBrownorum",
                    "Condition": "LOCATION_SEASON Here summer fall",
					},
					"{{ModId}}_BettaAntuta": {
                    "Id": "{{ModId}}_BettaAntuta",
                    "ItemId": "(O){{ModId}}_BettaAntuta",
                    "Ckondition": "LOCATION_SEASON Here summer fall",
					},
					 "{{ModId}}_Tambaqui": {
                    "Id": "{{ModId}}_Tambaqui",
                    "ItemId": "(O){{ModId}}_Tambaqui",
                    "Condition": "LOCATION_SEASON Here spring summer fall winter",
					},
					 "{{ModId}}_Goyder": {
                    "Id": "{{ModId}}_Goyder",
                    "ItemId": "(O){{ModId}}_Goyder",
                    "Condition": "LOCATION_SEASON Here summer fall",
					},
					 "{{ModId}}_GiantBarb": {
                    "Id": "{{ModId}}_GiantBarb",
                    "ItemId": "(O){{ModId}}_GiantBarb",
                    "Condition": "LOCATION_SEASON Here spring winter",
					},
					 "{{ModId}}_Huchen": {
                    "Id": "{{ModId}}_Huchen",
                    "ItemId": "(O){{ModId}}_Huchen",
                    "Condition": "LOCATION_SEASON Here spring summer fall winter",
					},
				}
				},
				{
			//Add Fish to Fern River town year-round
			"Action": "EditData",
			"Target": "Data/Locations",
			"TargetField": [
				"FernRiver_LabyrinthFernValley",
				"Fish"
			],
			"Entries": {
          			"{{ModId}}_CandyDarter": {
                    "Id": "{{ModId}}_CandyDarter",
                    "ItemId": "(O){{ModId}}_CandyDarter",
                    "Condition": "LOCATION_SEASON Here summer fall",
					},
					"{{ModId}}_RainbowDarter": {
                    "Id": "{{ModId}}_RainbowDarter",
                    "ItemId": "(O){{ModId}}_RainbowDarter",
                    "Condition": "LOCATION_SEASON Here summer fall",
					},
					"{{ModId}}_GoldenTrout": {
                    "Id": "{{ModId}}_GoldenTrout",
                    "ItemId": "(O){{ModId}}_GoldenTrout",
                    "Condition": "LOCATION_SEASON Here summer fall",
					},
					 "{{ModId}}_Tambaqui": {
                    "Id": "{{ModId}}_Tambaqui",
                    "ItemId": "(O){{ModId}}_Tambaqui",
                    "Condition": "LOCATION_SEASON Here spring summer fall winter",
					},
					 "{{ModId}}_Huchen": {
                    "Id": "{{ModId}}_Huchen",
                    "ItemId": "(O){{ModId}}_Huchen",
                    "Condition": "LOCATION_SEASON Here spring summer fall winter",
					},
					 "{{ModId}}_GiantBarb": {
                    "Id": "{{ModId}}_GiantBarb",
                    "ItemId": "(O){{ModId}}_GiantBarb",
                    "Condition": "LOCATION_SEASON Here spring winter",
					},
				}
				},
				{
			//Add Fish to Quiet Cove town year-round
			"Action": "EditData",
			"Target": "Data/Locations",
			"TargetField": [
				"FernRiver_QuietCove",
				"Fish"
			],
			"Entries": {
					"{{ModId}}_WAfricanAngelfish": {
                    "Id": "{{ModId}}_WAfricanAngelfish",
                    "ItemId": "(O){{ModId}}_WAfricanAngelfish",
                    "Condition": "LOCATION_SEASON Here spring summer fall",
					},
					"{{ModId}}_JoculatorAngelfish": {
                    "Id": "{{ModId}}_JoculatorAngelfish",
                    "ItemId": "(O){{ModId}}_JoculatorAngelfish",
                    "Condition": "LOCATION_SEASON Here spring summer fall",
					},
					"{{ModId}}_HalfBlackAngelfish": {
                    "Id": "{{ModId}}_HalfBlackAngelfish",
                    "ItemId": "(O){{ModId}}_HalfBlackAngelfish",
                    "Condition": "LOCATION_SEASON Here spring summer fall",
					},
					"{{ModId}}_FourStripeDamselfish": {
                    "Id": "{{ModId}}_FourStripeDamselfish",
                    "ItemId": "(O){{ModId}}_FourStripeDamselfish",
                    "Condition": "LOCATION_SEASON Here spring summer fall",
					},
					"{{ModId}}_BlueHippoTang": {
                    "Id": "{{ModId}}_BlueHippoTang",
                    "ItemId": "(O){{ModId}}_BlueHippoTang",
                    "Condition": "LOCATION_SEASON Here spring summer fall",
					},
					"{{ModId}}_Dolphinfish": {
                    "Id": "{{ModId}}_Dolphinfish",
                    "ItemId": "(O){{ModId}}_Dolphinfish",
                    "Condition": "LOCATION_SEASON Here spring summer fall winter",
					},
					"{{ModId}}_Opah": {
                    "Id": "{{ModId}}_Opah",
                    "ItemId": "(O){{ModId}}_Opah",
                    "Condition": "LOCATION_SEASON Here winter",
					},
					"{{ModId}}_Triggerfish": {
                    "Id": "{{ModId}}_Triggerfish",
                    "ItemId": "(O){{ModId}}_Triggerfish",
                    "Condition": "LOCATION_SEASON Here spring winter",
					},
					"{{ModId}}_Tarpon": {
                    "Id": "{{ModId}}_Tarpon",
                    "ItemId": "(O){{ModId}}_Tarpon",
                    "Condition": "LOCATION_SEASON Here summer winter",
					},
					"{{ModId}}_Frogfish": {
                    "Id": "{{ModId}}_Frogfish",
                    "ItemId": "(O){{ModId}}_Frogfish",
                    "Condition": "LOCATION_SEASON Here fall winter",
					},
					"{{ModId}}_ForeheadFish": {
                    "Id": "{{ModId}}_ForeheadFish",
                    "ItemId": "(O){{ModId}}_ForeheadFish",
                    "Condition": "LOCATION_SEASON Here spring summer",
					},
					"{{ModId}}_Prowfish": {
                    "Id": "{{ModId}}_Prowfish",
                    "ItemId": "(O){{ModId}}_Prowfish",
                    "Condition": "LOCATION_SEASON Here summer",
					},
					"{{ModId}}_PurpleTang": {
                    "Id": "{{ModId}}_PurpleTang",
                    "ItemId": "(O){{ModId}}_PurpleTang",
                    "Condition": "LOCATION_SEASON Here spring summer fall",
					},
				}
				},
				{
			//Add Fish to Fern River town year-round
			"Action": "EditData",
			"Target": "Data/Locations",
			"TargetField": [
				"FernRiver_ConnectingWoods",
				"Fish"
			],
			"Entries": {
				"{{ModId}}_Tarpon": {
                    "Id": "{{ModId}}_Tarpon",
                    "ItemId": "(O){{ModId}}_Tarpon",
                    "Condition": "LOCATION_SEASON Here summer winter",
					},
			},
			{
				"Largemouth Bass": {
                    "Id": "Largemouth Bass",
                    "ItemId": "(O)136",
                    "Condition": "LOCATION_SEASON Here spring fall",
					},
			},
			
				}
				]
				}