{
    "Changes": [
        // add minecart destination
        {
            "Action": "EditData",
            "Target": "Data/Minecarts",
            "Entries": {
                "FernRiver.MinecartNetwork": {
				"Desinations": 
				[
				{
                    "Id": "FernRiver.WarpRoomTown",
                    "DisplayName": "{{i18n:FernRiver.WRT}}",
                    "Condition": "LOCATION_ACCESSIBLE FernRiver_TownFernValley",

                    "TargetLocation": "FernRiver_WarpRoomTown",
                    "TargetTile": { "X": 5, "Y": 6 },
                    "TargetDirection": "down",
				},
				{
                    "Id": "FernRiver.WarpRoomWater",
                    "DisplayName": "{{i18n:FernRiver.WRW}}",
                    "Condition": "LOCATION_ACCESSIBLE FernRiver_TownFernValley",

                    "TargetLocation": "FernRiver_WarpRoomWater",
                    "TargetTile": { "X": 5, "Y": 6 },
                    "TargetDirection": "down",
				},
				{
                    "Id": "FernRiver.WarpRoomLabyrinth",
                    "DisplayName": "{{i18n:FernRiver.WRL}}",
                    "Condition": "LOCATION_ACCESSIBLE FernRiver_TownFernValley",

                    "TargetLocation": "FernRiver_WarpRoomLabyrinth",
                    "TargetTile": { "X": 5, "Y": 6 },
                    "TargetDirection": "down",
				},
				{
                    "Id": "FernRiver.WarpRoomQuietCove",
                    "DisplayName": "{{i18n:FernRiver.WRQC}}",
                    "Condition": "LOCATION_ACCESSIBLE FernRiver_TownFernValley",

                    "TargetLocation": "FernRiver_WarpRoomQuietCove",
                    "TargetTile": { "X": 5, "Y": 6 },
                    "TargetDirection": "down",
				}
				]
                }
            }
        },
    ]
}