{
    "Changes": [
        // add gift tastes
        {
            "Action": "EditData",
            "Target": "Data/NPCGiftTastes",
            "TextOperations": [
                {
                    "Operation": "Append",
                    "Target": ["Entries", "Universal_Love"],
                    "Value": "{{ModID}}_StardewCreamCookies", 
                    "Delimiter": " " // if there are already values, add a space between them and the new one
                }
            ]
        },
    ]
}