{
	"Changes": 
    [
		{
            "LogName": "Gift Taste Data",
            "Action": "EditData",
            "Target": "Data/NPCGiftTastes",
            "Entries":
            {
				"{{ModId}}_Chanthira": "Wow! Thank you so much!//This is very nice!//You give these things to your friends, huh?//I thought you liked me...//Oh. I mean, thank you.//",
				"{{ModId}}_Arun": "Well! You put a lot of thought into this!//How kind of you!//It's the thought that counts, I suppose//You didn't think about this at all, did you?//Isn't this nice!",
				"{{ModId}}_Adejens": "I can certainly put this to use!//I won't turn down something like this//Hmmm...//Why did you give me this trash?//Thanks.",
				"{{ModId}}_Afia": "What a treasure!//I'm sure this will come in handy//I don't really need things like this//Friends don't give each other this sort of rubbish//You're always generous.",
				"{{ModId}}_Alonso": "Hey, cool! Just what I wanted!//Hey! Yeah. This is decent.//Really? I guess so.//What's this junk?//Okay, I guess.",
				"{{ModId}}_Amadi": "I love it!//I like it.//I don't like it.//I hate it//Thanks.",
				"{{ModId}}_Anwen": "Seriously awesome! You're the best!//Cool stuff, @!//Umm... not my bag, sorry.//At least you didn't thow it in the river, I guess.//Thanks, @.",
                "{{ModId}}_Carmela": "This is great! I love it!//You're so thoughtful, @.//Um... thanks, but I don't really like this.//Why would you ever give me something like this?//Thank you for thinking of me, @//",
				"{{ModId}}_Cayo": "I love it!//I like it.//I don't like it.//I hate it//Thanks.",
		"{{ModId}}_Ffion": "I love it!//I like it.//I don't like it.//I hate it//Thanks.",
		"{{ModId}}_Flori": "Hooray! I love it! I love it!//You're the nicest person ever!//I don't really like this.//You're mean.//Thank you!",
		"{{ModId}}_Inacio": "I love it!//I like it.//I don't like it.//I hate it//Thanks.",
		"{{ModId}}_Ikenna": "I love it!//I like it.//I don't like it.//I hate it//Thanks.",
		"{{ModId}}_Ivie": "Yay! It's the best!//Goody goody gifty gifty... I mean, thank you!//Mom says I should always say thank you.//No... I can't say thank you for this.//It's nice. Thank you.",
		"{{ModId}}_Kahwihta": "I love it!//I like it.//I don't like it.//I hate it//Thanks.",
		"{{ModId}}_Kekoa": "I love it!//I like it.//I don't like it.//I hate it//Thanks.",
		"{{ModId}}_Legend": "I love it!//I like it.//I don't like it.//I hate it//Thanks.",
		"{{ModId}}_Mali": "I love it!//I like it.//I don't like it.//I hate it//Thanks.",
		"{{ModId}}_Malkin": "Meowow!//Prrr...//Grr...//*Hiss*//Mew!",
		"{{ModId}}_Morgana": "Ah, you're learning our ways! How wonderful!//Such a gracious gift//Hmm. Everyone makes mistakes//This is why I wasn't sure about you.//I accept, and am grateful.",
		"{{ModId}}_Nilufar": "I love it!//I like it.//I don't like it.//I hate it//Thanks.",
		"{{ModId}}_Ojistah": "I love it!//I like it.//I don't like it.//I hate it//Thanks.",
		"{{ModId}}_Oralia": "Whee!//Chirroo!//Peep...//Chrr....//Pippip!.",
		"{{ModId}}_Parvaneh": "I love it!//I like it.//I don't like it.//I hate it//Thanks.",
		"{{ModId}}_Sabela": "Oo, what's this! Oh, what a treasure!//How wonderful! I so adore gifts!//Oh, well... I won't turn it down!//Do you not like me anymore?//Surprise gifts are nice.",
		"{{ModId}}_Seguin": "I love it!//I like it.//I don't like it.//I hate it//Thanks.",
		"{{ModId}}_Shuck": "Awhoo!//Grumrum!//*Whine*//Grrr...//*Pants happily*",
		"{{ModId}}_Siphiwe": "I love it!//I like it.//I don't like it.//I hate it//Thanks.",
		"{{ModId}}_Story": "I love it!//I like it.//I don't like it.//I hate it//Thanks.",
		"{{ModId}}_Sumalee": "I love it!//I like it.//I don't like it.//I hate it//Thanks.",
		"{{ModId}}_Thandiwe": "I love it!//I like it.//I don't like it.//I hate it//Thanks.",
				
				
			}
		},
]
}