 {
"Changes":
	[
 //Super Basic Schedules
 {
        	"LogName": "Carmela's Schedule",
        	"Action": "EditData",
        	"Target": "Characters/schedules/{{ModId}}_Carmela",
   		 "Entries": {
   			 
   			"Mon": "0900 FernRiver_GeneralStore 15 28 1800 2/ 1900 FernRiver_GeneralStore 35 10 0/2100 FernRiver_TownFernValley 40 29 1/2200 FernRiver_GeneralStore 27 4 3",
		 "Tues": "0900 FernRiver_GeneralStore 15 28 1800 2/ 1800 FernRiver_GeneralStore 35 10 0/2100 FernRiver_GeneralStore 15 34 1/2200 FernRiver_GeneralStore 27 4 3",
		 "Wed": "0900 FernRiver_GeneralStore 15 28 1800 2/ 1800 FernRiver_GeneralStore 35 10 0/2100 FernRiver_GeneralStore 26 31 2/2400 FernRiver_GeneralStore 27 4 3",
		 "Thur": "0900 FernRiver_GeneralStore 15 28 1800 2/ 1800 FernRiver_GeneralStore 35 10 0/2100 FernRiver_TownFernValley 40 29 1/2400 FernRiver_GeneralStore 27 4 3",
		 "Fri": "0900 FernRiver_GeneralStore 15 28 1800 2/ 1800 FernRiver_GeneralStore 35 10 0/2100 FernRiver_GeneralStore 26 31 2/2400 FernRiver_GeneralStore 27 4 3",
		 "Sat": "0700 FernRiver_TownFernValley 32 41 2/ 0900 FernRiver_TownFernValley 65 43 0/1200 FernRiver_FairyForest 23 28 0/ 1500 FernRiver_GeneralStore 35 10 0/ 2200 FernRiver_GeneralStore 27 4 3",
		 "Sun": "0900 FernRiver_GeneralStore 15 28 2/1130 FernRiver_GeneralStore 31 30 2/2200 FernRiver_GeneralStore 27 4 3"
   			 
   		 },
    	},
   	 {
        	"LogName": "Adejens's Schedule",
        	"Action": "EditData",
        	"Target": "Characters/schedules/{{ModId}}_Adejens",
   		 "Entries": {
   			 //Needs to alternate working days with Ojistah
   			"Mon": "0900 FernRiver_GandayahHouse 2/ 1800 FernRiver_GandayahHouse 6 43 2/2100 FernRiver_TownFernValley 87 99 1/2300 FernRiver_GandayahHouse 19 23 3",
		 "Tues": "0900 FernRiver_GandayahHouse 2/ 1800 FernRiver.GandayahHouse 6 43 2/2100 FernRiver_TownFernValley 87 99 1/2300 FernRiver_GandayahHouse 19 23 3",
		 "Wed": "0900 FernRiver_GandayahHouse 2/ 1800 FernRiver.GandayahHouse 6 43 2/2100 FernRiver_TownFernValley 87 99 1/2300 FernRiver_GandayahHouse 19 23 3",
		 "Thur": "0900 FernRiver_GandayahHouse 2/ 1800 FernRiver.GandayahHouse 6 43 2/2100 FernRiver_TownFernValley 87 99 1/2300 FernRiver_GandayahHouse 19 23 3",
		 "Fri": "0900 FernRiver_GandayahHouse 2/ 1800 FernRiver.GandayahHouse 6 43 2/2100 FernRiver_TownFernValley 87 99 1/2300 FernRiver_GandayahHouse 19 23 3",
		 "Sat": "0900 FernRiver_TownFernValley 64 35 2/1500 FernRiver_GeneralStore 7 35 0/1700 FernRiver_GeneralStore 34 34 1/2100 FernRiver_GandayahHouse 19 23 3",
		 "Sun": "0900 FernRiver_FairyForest 25 28 0/1200 FernRiver_QuietCove 16 28 2/1900 FernRiver_GandayahHouse 19 23 3"   			 
   		 },
    	},
		{
        	"LogName": "Afia's Schedule",
        	"Action": "EditData",
        	"Target": "Characters/schedules/{{ModId}}_Afia",
   		 "Entries": {
			 "Mon": "0800 FernRiver_YumbaHouse 4 20 0/1000 FernRiver_YumbaHouse 4 25 2/1500 FernRiver_YumbaHouse 47 18 3/2000 FernRiver_YumbaHouse 13 5 0/2200 FernRiver_YumbaHouse 33 7 1",
		 "Tues": "0800 FernRiver_YumbaHouse 4 20 0/1000 FernRiver_YumbaHouse 4 25 2/1500 FernRiver_YumbaHouse 47 18 3/2000 FernRiver_YumbaHouse 13 5 0/2200 FernRiver_YumbaHouse 33 7 1",
		 "Wed": "0800 FernRiver_YumbaHouse 4 20 0/1000 FernRiver_YumbaHouse 4 25 2/1500 FernRiver_YumbaHouse 47 18 3/2000 FernRiver_YumbaHouse 13 5 0/2200 FernRiver_YumbaHouse 33 7 1",
		 "Thur": "0800 FernRiver_YumbaHouse 4 20 0/1000 FernRiver_YumbaHouse 4 25 2/1500 FernRiver_YumbaHouse 47 18 3/2000 FernRiver_YumbaHouse 13 5 0/2200 FernRiver_YumbaHouse 33 7 1",
		 "Fri": "0800 FernRiver_YumbaHouse 4 20 0/1000 FernRiver_YumbaHouse 4 25 2/1500 FernRiver_YumbaHouse 47 18 3/2000 FernRiver_YumbaHouse 13 5 0/2200 FernRiver_YumbaHouse 33 7 1",
		 "Sat": "0800 FernRiver_YumbaHouse 4 20 0/1000 FernRiver_YumbaHouse 4 25 2/1500 FernRiver_YumbaHouse 47 18 3/2000 FernRiver_YumbaHouse 13 5 0/2200 FernRiver_YumbaHouse 33 7 1",
		 "Sun": "0800 FernRiver_YumbaHouse 4 20 0/1000 FernRiver_YumbaHouse 4 25 2/1500 FernRiver_YumbaHouse 47 18 3/2000 FernRiver_YumbaHouse 13 5 0/2200 FernRiver_YumbaHouse 33 7 1",   			 
   		 },
    	},
		{
        	"LogName": "Alonso's Schedule",
        	"Action": "EditData",
        	"Target": "Characters/schedules/{{ModId}}_Alonso",
   		 "Entries": {
			 "Spring": "0800 FernRiver_GeneralStore 37 22 1/a1100 FernRiver_StoryHouse 12 22 1/1300 FernRiver_StoryHouse 12 13 2/1700 FernRiver_GeneralStore 4 12 2"
			 //"Mon": "",
		 //"Tues": "",
		 //"Wed": "",
		 //"Thur": "",
		 //"Fri": "",
		 //"Sat": "",
		 //"Sun": ""  
   		 },
    	},
		{
        	"LogName": "Amadi's Schedule",
        	"Action": "EditData",
        	"Target": "Characters/schedules/{{ModId}}_Amadi",
   		 "Entries": {
			 "Spring": "1800 FernRiver_YumbaHouse 3 12 2"  			 
   		 },
    	},
		{
        	"LogName": "Anwen's Schedule",
        	"Action": "EditData",
        	"Target": "Characters/schedules/{{ModId}}_Anwen",
   		 "Entries": {
			 "Spring": "0800 MorguinHouse2 22 7 2/1200 FernRiver_GeneralStore 4 32 0/1400 FernRiver_GeneralStore 38 33 0/2000 FernRiver_MorguinHouse2 25 18 1"
   		 },
    	},
		{
        	"LogName": "Arun's Schedule",
        	"Action": "EditData",
        	"Target": "Characters/schedules/{{ModId}}_Arun",
   		 "Entries": {
			 "Spring": "1000 FernRiver_KinnaraHouse 39 26 1",   			 
   		 },
    	},
		{
        	"LogName": "Cayo's Schedule",
        	"Action": "EditData",
        	"Target": "Characters/schedules/{{ModId}}_Cayo",
   		 "Entries": {
			 "Spring": "0800 FernRiver_GeneralStore 39 21 0"
   		 },
    	},
		{
        	"LogName": "Chanthira's Schedule",
        	"Action": "EditData",
        	"Target": "Characters/schedules/{{ModId}}_Chanthira",
   		 "Entries": {
			 "Spring": "0800 FernRiver_KinnaraHouse 17 13 2"
   		 },
    	},
		{
        	"LogName": "Fable's Schedule",
        	"Action": "EditData",
        	"Target": "Characters/schedules/{{ModId}}_Fable",
   		 "Entries": {
			 "Spring": "0800 FernRiver_StoryHouse 9 20 0"
   		 },
    	},
		{
        	"LogName": "Ffion's Schedule",
        	"Action": "EditData",
        	"Target": "Characters/schedules/{{ModId}}_Ffion",
   		 "Entries": {
			 "Spring": "0800 FernRiver_PatryHouse 24 19 2" 			 
   		 },
    	},
		{
        	"LogName": "Flori's Schedule",
        	"Action": "EditData",
        	"Target": "Characters/schedules/{{ModId}}_Flori",
   		 "Entries": {
			 "Spring": "0800 FernRiver_GeneralStore 3 21 0"
   		 },
    	},
		{
        	"LogName": "Ikenna's Schedule",
        	"Action": "EditData",
        	"Target": "Characters/schedules/{{ModId}}_Ikenna",
   		 "Entries": {
			 "Spring": "0800 FernRiver_YumbaHouse 27 25 0"
   		 },
    	},
		{
        	"LogName": "Inacio's Schedule",
        	"Action": "EditData",
        	"Target": "Characters/schedules/{{ModId}}_Inacio",
   		 "Entries": {
			 "Spring": "0800 FernRiver_GeneralStore 29 30 0"
   		 },
    	},
		{
        	"LogName": "Ivie's Schedule",
        	"Action": "EditData",
        	"Target": "Characters/schedules/{{ModId}}_Ivie",
   		 "Entries": {
			 "Spring": "0800 FernRiver_YumbaHouse 29 23 0" 			 
   		 },
    	},
		{
        	"LogName": "Kahwihta's Schedule",
        	"Action": "EditData",
        	"Target": "Characters/schedules/{{ModId}}_Kahwihta",
   		 "Entries": {
			 "Spring": "1000 FernRiver_GeneralStore 24 40 0"  			 
   		 },
    	},
		{
        	"LogName": "Kekoa's Schedule",
        	"Action": "EditData",
        	"Target": "Characters/schedules/{{ModId}}_Kekoa",
   		 "Entries": {
		"Spring": "1000 FernRiver_GeneralStore 26 40 0"			 
   		 },
    	},
		{
        	"LogName": "Legend's Schedule",
        	"Action": "EditData",
        	"Target": "Characters/schedules/{{ModId}}_Legend",
   		 "Entries": {
			 "Spring": "1000 FernRiver_GeneralStore 28 40 0"  			 
   		 },
    	},
		{
        	"LogName": "Mali's Schedule",
        	"Action": "EditData",
        	"Target": "Characters/schedules/{{ModId}}_Mali",
   		 "Entries": {
			 "Spring": "1000 FernRiver_GeneralStore 30 40 0"			 
   		 },
    	},
		{
        	"LogName": "Malkin's Schedule",
        	"Action": "EditData",
        	"Target": "Characters/schedules/{{ModId}}_Malkin",
   		 "Entries": {
			 "Spring": "1000 FernRiver_GeneralStore 32 40 0"   			 
   		 },
    	},
		{
        	"LogName": "Morgana's Schedule",
        	"Action": "EditData",
        	"Target": "Characters/schedules/{{ModId}}_Morgana",
   		 "Entries": {
			 "Spring": "1000 FernRiver_GeneralStore 34 40 0"   			 
   		 },
    	},
		{
        	"LogName": "Nilufar's Schedule",
        	"Action": "EditData",
        	"Target": "Characters/schedules/{{ModId}}_Nilufar",
   		 "Entries": {
			 "Spring": "1000 FernRiver_GeneralStore 36 40 0"   			 
   		 },
    	},
		{
        	"LogName": "Ojistah's Schedule",
        	"Action": "EditData",
        	"Target": "Characters/schedules/{{ModId}}_Ojistah",
   		 "Entries": {
			 "Spring": "1000 FernRiver_GeneralStore 23 36 0"  			 
   		 },
    	},
		{
        	"LogName": "Oralia's Schedule",
        	"Action": "EditData",
        	"Target": "Characters/schedules/{{ModId}}_Oralia",
   		 "Entries": {
			 "Spring": "1000 FernRiver_GeneralStore 25 36 0" 			 
   		 },
    	},
		{
        	"LogName": "Parvaneh's Schedule",
        	"Action": "EditData",
        	"Target": "Characters/schedules/{{ModId}}_Parvaneh",
   		 "Entries": {
			 "Spring": "1000 FernRiver_GeneralStore 27 36 0"   			 
   		 },
    	},
		{
        	"LogName": "Sabela's Schedule",
        	"Action": "EditData",
        	"Target": "Characters/schedules/{{ModId}}_Sabela",
   		 "Entries": {
			 "Spring": "1000 FernRiver_GeneralStore 29 36 0"   			 
   		 },
    	},
		{
        	"LogName": "Seguin's Schedule",
        	"Action": "EditData",
        	"Target": "Characters/schedules/{{ModId}}_Seguin",
   		 "Entries": {
			 "Spring": "1000 FernRiver_GeneralStore 31 36 0"   			 
   		 },
    	},
		{
        	"LogName": "Shuck's Schedule",
        	"Action": "EditData",
        	"Target": "Characters/schedules/{{ModId}}_Shuck",
   		 "Entries": {
			 "Spring": "1000 FernRiver_GeneralStore 32 33 0" 			 
   		 },
    	},
		{
        	"LogName": "Siphiwe's Schedule",
        	"Action": "EditData",
        	"Target": "Characters/schedules/{{ModId}}_Siphiwe",
   		 "Entries": {
			 "Spring": "1000 FernRiver_GeneralStore 34 33 0" 			 
   		 },
    	},
		{
        	"LogName": "Story's Schedule",
        	"Action": "EditData",
        	"Target": "Characters/schedules/{{ModId}}_Story",
   		 "Entries": {
			"Spring": "1000 FernRiver_GeneralStore 3 39 0"   			 
   		 },
    	},
		{
        	"LogName": "Sumalee's Schedule",
        	"Action": "EditData",
        	"Target": "Characters/schedules/{{ModId}}_Sumalee",
   		 "Entries": {
			"Spring": "1000 FernRiver_GeneralStore 5 39 0"   			 
   		 },
    	},
		{
        	"LogName": "Thandiwe's Schedule",
        	"Action": "EditData",
        	"Target": "Characters/schedules/{{ModId}}_Thandiwe",
   		 "Entries": {
			"Spring": "1000 FernRiver_GeneralStore 7 39 0"			 
   		 },
    	},
],
}