{
    "Changes": [
        // add minecart destination
        {
            "Action": "EditData",
            "Target": "Data/Minecarts",
			"TargetField": ["Default", "Destinations"],
            "Entries": {
				"Fern River Town":
				{
                    "Id": "FernRiver.WRT",
                    "DisplayName": "{{i18n:FernRiver.WRT}}",
                    "TargetLocation": "FernRiver_WarpRoomTown",
                    "TargetTile": { "X": 5, "Y": 6 },
                    "TargetDirection": "down",
				},
				"Fern River Waterfalls":
				{
                    "Id": "FernRiver.WRW",
                    "DisplayName": "{{i18n:FernRiver.WRW}}",
                    "TargetLocation": "FernRiver_WarpRoomWater",
                    "TargetTile": { "X": 5, "Y": 6 },
                    "TargetDirection": "down",
				},
				"Fern River Labyrinth":
				{
                    "Id": "FernRiver.WRL",
                    "DisplayName": "{{i18n:FernRiver.WRL}}",
                    "TargetLocation": "FernRiver_WarpRoomLabyrinth",
                    "TargetTile": { "X": 5, "Y": 6 },
                    "TargetDirection": "down",
				},
				"Fern River Quiet Cove":
				{
                    "Id": "FernRiver.WRQC",
                    "DisplayName": "{{i18n:FernRiver.WRQC}}",
                    "TargetLocation": "FernRiver_WarpRoomQuietCove",
                    "TargetTile": { "X": 5, "Y": 6 },
                    "TargetDirection": "down",
				}
			}
		}
			]
}