{
  "Changes": [
    {
      "LogName": "Load fish sprites",
      "Action": "Load",
      "Target": "{{ModId}}/Objects, Mods/{{ModId}}/AquariumFish",
      "FromFile": "Assets/Fish/{{TargetWithoutPath}}.png"
    },
	
	 {
      "LogName": "Objects Data",
      "Action": "EditData",
      "Target": "Data/Objects",
      "Entries": {
		   "{{ModId}}_BlueAcara": {
          "Name": "{{ModId}}_BlueAcara",
          "Type": "Fish",
          "Category": -4,
          "SpriteIndex": 0,
          "DisplayName": "{{i18n:BlueAcara_name}}",
          "Description": "{{i18n:BlueAcara_description}}",
          "Texture": "{{ModId}}/Objects",
          "Price": 100,
          "Edibility": 10,
          "ContextTags": [
            "color_light_blue",
			"item_blue_acara",
			"fish_blue_acara"
          ]
        },
		  "{{ModId}}_BlueDiamond": {
          "Name": "{{ModId}}_BlueDiamond",
          "Type": "Fish",
          "Category": -4,
          "SpriteIndex": 1,
          "DisplayName": "{{i18n:BlueDiamond_name}}",
          "Description": "{{i18n:BlueDiamond_description}}",
          "Texture": "{{ModId}}/Objects",
          "Price": 100,
          "Edibility": 10,
          "ContextTags": [
            "color_dark_blue",
			"item_blue_diamond_discus",
			"fish_blue_diamond_discus"
          ]
        },
		  "{{ModId}}_GoldenDiscus": {
          "Name": "{{ModId}}_GoldenDiscus",
          "Type": "Fish",
          "Category": -4,
          "SpriteIndex": 2,
          "DisplayName": "{{i18n:GoldenDiscus_name}}",
          "Description": "{{i18n:GoldenDiscus_description}}",
          "Texture": "{{ModId}}/Objects",
          "Price": 100,
          "Edibility": 10,
          "ContextTags": [
            "color_light_blue",
			"item_golden_discus",
			"fish_golden_discus"
          ]
        },
		  "{{ModId}}_MercuryDiscus": {
          "Name": "{{ModId}}_MercuryDiscus",
          "Type": "Fish",
          "Category": -4,
          "SpriteIndex": 3,
          "DisplayName": "{{i18n:MercuryDiscus_name}}",
          "Description": "{{i18n:MercuryDiscus_description}}",
          "Texture": "{{ModId}}/Objects",
          "Price": 100,
          "Edibility": 10,
          "ContextTags": [
            "color_blue",
			"color_purple",
			 "item_mercury_discus",
			 "fish_mercury_discus"
          ]
        },
		  "{{ModId}}_RedMarlboro": {
          "Name": "{{ModId}}_RedMarlboro",
          "Type": "Fish",
          "Category": -4,
          "SpriteIndex": 4,
          "DisplayName": "{{i18n:RedMarlboro_name}}",
          "Description": "{{i18n:RedMarlboro_description}}",
          "Texture": "{{ModId}}/Objects",
          "Price": 100,
          "Edibility": 10,
          "ContextTags": [
            "color_red",
			 "item_red_marlboro_discus",
			 "fish_red_marlboro_discus"
          ]
        },
		  "{{ModId}}_WhiteButterflyDiscus": {
          "Name": "{{ModId}}_WhiteButterflyDiscus",
          "Type": "Fish",
          "Category": -4,
          "SpriteIndex": 5,
          "DisplayName": "{{i18n:WhiteButterflyDiscus_name}}",
          "Description": "{{i18n:WhiteButterflyDiscus_description}}",
          "Texture": "{{ModId}}/Objects",
          "Price": 100,
          "Edibility": 10,
          "ContextTags": [
            "color_cyan",
			"color_light_blue",
			"item_white_butterfly_discus",
			"fish_white_butterfly_discus"
          ]
        },
		  "{{ModId}}_BrownDiscus": {
          "Name": "{{ModId}}_BrownDiscus",
          "Type": "Fish",
          "Category": -4,
          "SpriteIndex": 6,
          "DisplayName": "{{i18n:BrownDiscus_name}}",
          "Description": "{{i18n:BrownDiscus_description}}",
          "Texture": "{{ModId}}/Objects",
          "Price": 100,
          "Edibility": 10,
          "ContextTags": [
            "color_dark_orange",
			"item_brown_discus",
			"fish_brown_discus"
          ]
        },
		  "{{ModId}}_SilverAngelfish": {
          "Name": "{{ModId}}_SilverAngelfish",
          "Type": "Fish",
          "Category": -4,
          "SpriteIndex": 7,
          "DisplayName": "{{i18n:SilverAngelfish_name}}",
          "Description": "{{i18n:SilverAngelfish_description}}",
          "Texture": "{{ModId}}/Objects",
          "Price": 100,
          "Edibility": 10,
          "ContextTags": [
            "color_white",
			"item_silver_angelfish",
			"fish_silver_angelfish"
          ]
        },
		  "{{ModId}}_KoiAngelfish": {
          "Name": "{{ModId}}_KoiAngelfish",
          "Type": "Fish",
          "Category": -4,
          "SpriteIndex": 8,
          "DisplayName": "{{i18n:KoiAngelfish_name}}",
          "Description": "{{i18n:KoiAngelfish_description}}",
          "Texture": "{{ModId}}/Objects",
          "Price": 100,
          "Edibility": 10,
          "ContextTags": [
            "color_orange",
			"item_koi_angelfish",
			"fish_koi_angelfish"
          ]
        },
		  "{{ModId}}_PlatinumAngelfish": {
          "Name": "{{ModId}}_PlatinumAngelfish",
          "Type": "Fish",
          "Category": -4,
          "SpriteIndex": 9,
          "DisplayName": "{{i18n:PlatinumAngelfish_name}}",
          "Description": "{{i18n:PlatinumAngelfish_description}}",
          "Texture": "{{ModId}}/Objects",
          "Price": 100,
          "Edibility": 10,
          "ContextTags": [
            "color_white",
			"item_platinum_angelfish",
			"fish_platinum_angelfish"
          ]
        },
		  "{{ModId}}_BluePinoyAngelfish": {
          "Name": "{{ModId}}_BluePinoyAngelfish",
          "Type": "Fish",
          "Category": -4,
          "SpriteIndex": 10,
          "DisplayName": "{{i18n:BluePinoyAngelfish_name}}",
          "Description": "{{i18n:BluePinoyAngelfish_description}}",
          "Texture": "{{ModId}}/Objects",
          "Price": 100,
          "Edibility": 10,
          "ContextTags": [
            "color_light_blue",
			"item_blue_pinoy_angelfish",
			"fish_blue_pinoy_angelfish"
          ]
        },
		  "{{ModId}}_SanMerahDiscus": {
          "Name": "{{ModId}}_SanMerahDiscus",
          "Type": "Fish",
          "Category": -4,
          "SpriteIndex": 11,
          "DisplayName": "{{i18n:SanMerahDiscus_name}}",
          "Description": "{{i18n:SanMerahDiscus_description}}",
          "Texture": "{{ModId}}/Objects",
          "Price": 100,
          "Edibility": 11,
          "ContextTags": [
            "color_red",
			"color_orange",
			"item_san_merah_discus",
			"fish_san_merah_discus"
          ]
        },
		  "{{ModId}}_TrimacCichlid": {
          "Name": "{{ModId}}_TrimacCichlid",
          "Type": "Fish",
          "Category": -4,
          "SpriteIndex": 12,
          "DisplayName": "{{i18n:TrimacCichlid_name}}",
          "Description": "{{i18n:TrimacCichlid_description}}",
          "Texture": "{{ModId}}/Objects",
          "Price": 100,
          "Edibility": 10,
          "ContextTags": [
            "color_light_blue",
			"item_trimac_cichlid",
			"fish_trimac_cichlid"
          ]
        },
		 "{{ModId}}_BettaRubra": {
          "Name": "{{ModId}}_BettaRubra",
          "Type": "Fish",
          "Category": -4,
          "SpriteIndex": 13,
          "DisplayName": "{{i18n:BettaRubra_name}}",
          "Description": "{{i18n:BettaRubra_description}}",
          "Texture": "{{ModId}}/Objects",
          "Price": 100,
          "Edibility": 10,
          "ContextTags": [
            "color_light_blue",
			"item_betta_rubra",
			"fish_betta_rubra"
          ]
        },
		 "{{ModId}}_BoesemaniRainbowfish": {
          "Name": "{{ModId}}_BoesemaniRainbowfish",
          "Type": "Fish",
          "Category": -4,
          "SpriteIndex": 14,
          "DisplayName": "{{i18n:BoesemaniRainbowfish_name}}",
          "Description": "{{i18n:BoesemaniRainbowfish_description}}",
          "Texture": "{{ModId}}/Objects",
          "Price": 100,
          "Edibility": 10,
          "ContextTags": [
            "color_orange",
			"color_light_blue",
			"item_Boesemani_Rainbowfish",
			"fish_Boesemani_Rainbowfish"
          ]
        },
		 "{{ModId}}_BettaChannoides": {
          "Name": "{{ModId}}_BettaChannoides",
          "Type": "Fish",
          "Category": -4,
          "SpriteIndex": 15,
          "DisplayName": "{{i18n:BettaChannoides_name}}",
          "Description": "{{i18n:BettaChannoides_description}}",
          "Texture": "{{ModId}}/Objects",
          "Price": 100,
          "Edibility": 10,
          "ContextTags": [
            "color_salmon",
			"color_pink",
			"item_betta_channoides",
			"fish_betta_channoides"
          ]
        },
		"{{ModId}}_BettaMacrostoma": {
          "Name": "{{ModId}}_BettaMacrostoma",
          "Type": "Fish",
          "Category": -4,
          "SpriteIndex": 16,
          "DisplayName": "{{i18n:BettaMacrostoma_name}}",
          "Description": "{{i18n:BettaMacrostoma_description}}",
          "Texture": "{{ModId}}/Objects",
          "Price": 100,
          "Edibility": 10,
          "ContextTags": [
            "color_orange",
			"item_betta_macrostoma",
			"fish_betta_macrostoma"
          ]
        },
		"{{ModId}}_BettaHendra": {
          "Name": "{{ModId}}_BettaHendra",
          "Type": "Fish",
          "Category": -4,
          "SpriteIndex": 17,
          "DisplayName": "{{i18n:BettaHendra_name}}",
          "Description": "{{i18n:BettaHendra_description}}",
          "Texture": "{{ModId}}/Objects",
          "Price": 100,
          "Edibility": 10,
          "ContextTags": [
            "color_blue",
			"item_betta_hendra",
			"fish_betta_hendra"
          ]
        },
		"{{ModId}}_BettaPersephone": {
          "Name": "{{ModId}}_BettaPersephone",
          "Type": "Fish",
          "Category": -4,
          "SpriteIndex": 18,
          "DisplayName": "{{i18n:BettaPersephone_name}}",
          "Description": "{{i18n:BettaPersephone_description}}",
          "Texture": "{{ModId}}/Objects",
          "Price": 100,
          "Edibility": 10,
          "ContextTags": [
            "color_green",
			"item_betta_persephone",
			"fish_betta_persephone"
          ]
        },
		"{{ModId}}_CandyDarter": {
          "Name": "{{ModId}}_CandyDarter",
          "Type": "Fish",
          "Category": -4,
          "SpriteIndex": 19,
          "DisplayName": "{{i18n:CandyDarter_name}}",
          "Description": "{{i18n:CandyDarter_description}}",
          "Texture": "{{ModId}}/Objects",
          "Price": 100,
          "Edibility": 10,
          "ContextTags": [
            "color_orange",
			"item_candy_darter",
			"fish_candy_darter"
          ]
        },
		"{{ModId}}_RainbowDarter": {
          "Name": "{{ModId}}_RainbowDarter",
          "Type": "Fish",
          "Category": -4,
          "SpriteIndex": 20,
          "DisplayName": "{{i18n:RainbowDarter_name}}",
          "Description": "{{i18n:RainbowDarter_description}}",
          "Texture": "{{ModId}}/Objects",
          "Price": 100,
          "Edibility": 10,
          "ContextTags": [
            "color_green",
			"item_rainbow_darter",
			"fish_rainbow_darter"
          ]
        },
		"{{ModId}}_GoldenTrout": {
          "Name": "{{ModId}}_GoldenTrout",
          "Type": "Fish",
          "Category": -4,
          "SpriteIndex": 21,
          "DisplayName": "{{i18n:GoldenTrout_name}}",
          "Description": "{{i18n:GoldenTrout_description}}",
          "Texture": "{{ModId}}/Objects",
          "Price": 100,
          "Edibility": 10,
          "ContextTags": [
            "color_orange",
			"item_golden_trout",
			"fish_golden_trout"
          ]
        },
		"{{ModId}}_Sheepshead": {
          "Name": "{{ModId}}_Sheepshead",
          "Type": "Fish",
          "Category": -4,
          "SpriteIndex": 22,
          "DisplayName": "{{i18n:Sheepshead_name}}",
          "Description": "{{i18n:Sheepshead_description}}",
          "Texture": "{{ModId}}/Objects",
          "Price": 100,
          "Edibility": 10,
          "ContextTags": [
            "color_purple",
			"item_sheepshead",
			"fish_sheepshead"
          ]
        },
		"{{ModId}}_BettaBrownorum": {
          "Name": "{{ModId}}_BettaBrownorum",
          "Type": "Fish",
          "Category": -4,
          "SpriteIndex": 23,
          "DisplayName": "{{i18n:BettaBrownorum_name}}",
          "Description": "{{i18n:BettaBrownorum_description}}",
          "Texture": "{{ModId}}/Objects",
          "Price": 100,
          "Edibility": 10,
          "ContextTags": [
            "color_red",
			"item_betta_brownorum",
			"fish_betta_brownorum"
          ]
        },
		"{{ModId}}_BettaAntuta": {
          "Name": "{{ModId}}_BettaAntuta",
          "Type": "Fish",
          "Category": -4,
          "SpriteIndex": 24,
          "DisplayName": "{{i18n:BettaAntuta_name}}",
          "Description": "{{i18n:BettaAntuta_description}}",
          "Texture": "{{ModId}}/Objects",
          "Price": 200,
          "Edibility": 10,
          "ContextTags": [
            "color_orange",
			"item_betta_antuta",
			"fish_betta_antuta"
          ]
        },
		"{{ModId}}_WAfricanAngelfish": {
          "Name": "{{ModId}}_WAfricanAngelfish",
          "Type": "Fish",
          "Category": -4,
          "SpriteIndex": 25,
          "DisplayName": "{{i18n:WAfricanAngelfish_name}}",
          "Description": "{{i18n:WAfricanAngelfish_description}}",
          "Texture": "{{ModId}}/Objects",
          "Price": 200,
          "Edibility": 10,
          "ContextTags": [
            "color_dark_blue",
			"item_West_African_Angelfish",
			"fish_West_African_Angelfish"
          ]
        },
		"{{ModId}}_JoculatorAngelfish": {
          "Name": "{{ModId}}_JoculatorAngelfish",
          "Type": "Fish",
          "Category": -4,
          "SpriteIndex": 26,
          "DisplayName": "{{i18n:JoculatorAngelfish_name}}",
          "Description": "{{i18n:JoculatorAngelfish_description}}",
          "Texture": "{{ModId}}/Objects",
          "Price": 200,
          "Edibility": 10,
          "ContextTags": [
            "color_dark_blue",
			"item_Joculator_Angelfish",
			"fish_Joculator_Angelfish"
          ]
        },
		"{{ModId}}_HalfBlackAngelfish": {
          "Name": "{{ModId}}_HalfBlackAngelfish",
          "Type": "Fish",
          "Category": -4,
          "SpriteIndex": 27,
          "DisplayName": "{{i18n:HalfBlackAngelfish_name}}",
          "Description": "{{i18n:HalfBlackAngelfish_description}}",
          "Texture": "{{ModId}}/Objects",
          "Price": 200,
          "Edibility": 10,
          "ContextTags": [
            "color_black",
			"item_Half_Black_Angelfish",
			"fish_Half_Black_Angelfish"
          ]
        },
		"{{ModId}}_FourStripeDamselfish": {
          "Name": "{{ModId}}_FourStripeDamselfish",
          "Type": "Fish",
          "Category": -4,
          "SpriteIndex": 28,
          "DisplayName": "{{i18n:FourStripeDamselfish_name}}",
          "Description": "{{i18n:FourStripeDamselfish_description}}",
          "Texture": "{{ModId}}/Objects",
          "Price": 200,
          "Edibility": 10,
          "ContextTags": [
            "color_dark_blue",
			"item_West_African_Angelfish",
			"fish_West_African_Angelfish"
          ]
        },
		"{{ModId}}_BlueHippoTang": {
          "Name": "{{ModId}}_BlueHippoTang",
          "Type": "Fish",
          "Category": -4,
          "SpriteIndex": 29,
          "DisplayName": "{{i18n:BlueHippoTang_name}}",
          "Description": "{{i18n:BlueHippoTang_description}}",
          "Texture": "{{ModId}}/Objects",
          "Price": 200,
          "Edibility": 10,
          "ContextTags": [
            "color_dark_blue",
			"item_Blue_Hippo_Tang",
			"fish_Blue_Hippo_Tang"
          ]
        },
		"{{ModId}}_Tambaqui": {
          "Name": "{{ModId}}_Tambaqui",
          "Type": "Fish",
          "Category": -4,
          "SpriteIndex": 30,
          "DisplayName": "{{i18n:Tambaqui_name}}",
          "Description": "{{i18n:Tambaqui_description}}",
          "Texture": "{{ModId}}/Objects",
          "Price": 300,
          "Edibility": 10,
          "ContextTags": [
            "color_dark_blue",
			"item_Tambaqui",
			"fish_Tambaqui"
          ]
        },
		"{{ModId}}_Dolphinfish": {
          "Name": "{{ModId}}_Dolphinfish",
          "Type": "Fish",
          "Category": -4,
          "SpriteIndex": 31,
          "DisplayName": "{{i18n:Dolphinfish_name}}",
          "Description": "{{i18n:Dolphinfish_description}}",
          "Texture": "{{ModId}}/Objects",
          "Price": 400,
          "Edibility": 10,
          "ContextTags": [
            "color_dark_blue",
			"item_Dolphinfish",
			"fish_Dolphinfish"
          ]
        },
		"{{ModId}}_Huchen": {
          "Name": "{{ModId}}_Huchen",
          "Type": "Fish",
          "Category": -4,
          "SpriteIndex": 32,
          "DisplayName": "{{i18n:Huchen_name}}",
          "Description": "{{i18n:Huchen_description}}",
          "Texture": "{{ModId}}/Objects",
          "Price": 300,
          "Edibility": 10,
          "ContextTags": [
            "color_orange",
			"item_Huchen",
			"fish_Huchen"
          ]
        },
		"{{ModId}}_Goyder": {
          "Name": "{{ModId}}_Goyder",
          "Type": "Fish",
          "Category": -4,
          "SpriteIndex": 33,
          "DisplayName": "{{i18n:Goyder_name}}",
          "Description": "{{i18n:Goyder_description}}",
          "Texture": "{{ModId}}/Objects",
          "Price": 300,
          "Edibility": 10,
          "ContextTags": [
            "color_red",
			"item_Goyder",
			"fish_Goyder"
          ]
        },
		"{{ModId}}_Opah": {
          "Name": "{{ModId}}_Opah",
          "Type": "Fish",
          "Category": -4,
          "SpriteIndex": 34,
          "DisplayName": "{{i18n:Opah_name}}",
          "Description": "{{i18n:Opah_description}}",
          "Texture": "{{ModId}}/Objects",
          "Price": 300,
          "Edibility": 10,
          "ContextTags": [
            "color_orange",
			"item_Opah",
			"fish_Opah"
          ]
        },
		"{{ModId}}_Pupfish": {
          "Name": "{{ModId}}_Pupfish",
          "Type": "Fish",
          "Category": -4,
          "SpriteIndex": 35,
          "DisplayName": "{{i18n:Pupfish_name}}",
          "Description": "{{i18n:Pupfish_description}}",
          "Texture": "{{ModId}}/Objects",
          "Price": 300,
          "Edibility": 10,
          "ContextTags": [
            "color_blue",
			"item_Pupfish",
			"fish_Pupfish"
          ]
        },
		"{{ModId}}_Triggerfish": {
          "Name": "{{ModId}}_Triggerfish",
          "Type": "Fish",
          "Category": -4,
          "SpriteIndex": 36,
          "DisplayName": "{{i18n:Triggerfish_name}}",
          "Description": "{{i18n:Triggerfish_description}}",
          "Texture": "{{ModId}}/Objects",
          "Price": 300,
          "Edibility": 10,
          "ContextTags": [
            "color_green",
			"item_Triggerfish",
			"fish_Triggerfish"
          ]
        },
		"{{ModId}}_Tarpon": {
          "Name": "{{ModId}}_Tarpon",
          "Type": "Fish",
          "Category": -4,
          "SpriteIndex": 37,
          "DisplayName": "{{i18n:Tarpon_name}}",
          "Description": "{{i18n:Tarpon_description}}",
          "Texture": "{{ModId}}/Objects",
          "Price": 300,
          "Edibility": 10,
          "ContextTags": [
            "color_light_blue",
			"item_Tarpon",
			"fish_Tarpon"
          ]
        },
		"{{ModId}}_Frogfish": {
          "Name": "{{ModId}}_Frogfish",
          "Type": "Fish",
          "Category": -4,
          "SpriteIndex": 38,
          "DisplayName": "{{i18n:Frogfish_name}}",
          "Description": "{{i18n:Frogfish_description}}",
          "Texture": "{{ModId}}/Objects",
          "Price": 300,
          "Edibility": 10,
          "ContextTags": [
            "color_orange",
			"item_Frogfish",
			"fish_Frogfish"
          ]
        },
		"{{ModId}}_GiantBarb": {
          "Name": "{{ModId}}_GiantBarb",
          "Type": "Fish",
          "Category": -4,
          "SpriteIndex": 39,
          "DisplayName": "{{i18n:GiantBarb_name}}",
          "Description": "{{i18n:GiantBarb_description}}",
          "Texture": "{{ModId}}/Objects",
          "Price": 300,
          "Edibility": 10,
          "ContextTags": [
            "color_black",
			"item_GiantBarb",
			"fish_GiantBarb"
          ]
        },
		"{{ModId}}_ForeheadFish": {
          "Name": "{{ModId}}_ForeheadFish",
          "Type": "Fish",
          "Category": -4,
          "SpriteIndex": 40,
          "DisplayName": "{{i18n:ForeheadFish_name}}",
          "Description": "{{i18n:ForeheadFish_description}}",
          "Texture": "{{ModId}}/Objects",
          "Price": 300,
          "Edibility": 10,
          "ContextTags": [
            "color_orange",
			"item_ForeheadFish",
			"fish_ForeheadFish"
          ]
        },
		"{{ModId}}_Prowfish": {
          "Name": "{{ModId}}_Prowfish",
          "Type": "Fish",
          "Category": -4,
          "SpriteIndex": 41,
          "DisplayName": "{{i18n:Prowfish_name}}",
          "Description": "{{i18n:Prowfish_description}}",
          "Texture": "{{ModId}}/Objects",
          "Price": 300,
          "Edibility": 10,
          "ContextTags": [
            "color_blue",
			"item_Prowfish",
			"fish_Prowfish"
          ]
        },
		"{{ModId}}_PurpleTang": {
          "Name": "{{ModId}}_PurpleTang",
          "Type": "Fish",
          "Category": -4,
          "SpriteIndex": 42,
          "DisplayName": "{{i18n:PurpleTang_name}}",
          "Description": "{{i18n:PurpleTang_description}}",
          "Texture": "{{ModId}}/Objects",
          "Price": 300,
          "Edibility": 10,
          "ContextTags": [
            "color_purple",
			"item_PurpleTang",
			"fish_PurpleTang"
          ]
        }
	  }
	 }
	 ]
}