{
"Changes": 
    [
	 {
            "LogName": "Ivie's dialogue",
            "Action": "EditData",
            "Target": "Characters/Dialogue/{{ModId}}_Ivie",
			"Entries": {
				"Introduction": "I'm Ivie. Auntie Morgana said I should ignore you. #b#I'm not going to, that's rude.",
// SPECIFIC DIALOGUE
	"MovieInvite_Invited": "A movie? Yeah! Let's go!",
	"DumpsterDiveComment": "Icky icky icky! Did you find anything?",
	"GreenRain": "I wonder if this rain will make magic happen?",
	"GreenRain_2": "The rain makes lots of things grow.",
	"GreenRainFinished": "If I splashed in the green rain, would moss grow on my legs?",
	"AcceptGift_(O)StardropTea": "Wow! This is brilliant!",

// GENERIC DIALOGUE
    "Mon": "What would happen if I... $3#b# actually, forget I asked that.", 
    "Tue": "What would happen if I... $3#b# actually, forget I asked that.",
    "Wed": "You should come to our school. $1#b# Auntie Fable tells the best stories!",
    "Thu": "You should come to our school. $1#b# Auntie Fable tells the best stories!",
    "Fri": "What would happen if I... $3#b# actually, forget I asked that.",
    "Sat": "Are you taking today off, too?",
    "Sun": "I'm going to make a bug house today. For bugs to live in.",

    "Mon2": "These trousers used to be my brother's. Mum says they don't fit but they do.", 
    "Tue2": "$1 Auntie Fable and Uncle Story are the best teachers.",
    "Wed2": "These trousers used to be my brother's. Mum says they don't fit but they do.",
    "Thu2": "Dad says experience is the best teacher.",
    "Fri2": "These trousers used to be my brother's. Mum says they don't fit but they do.",
    "Sat2": "What are you growing? Is it yummy?",
    "Sun2": "$1 Are you happy? Today is Fairy Forest day!",

    "Mon4": "If you're feeling poorly, talk to my Mum.", 
    "Tue4": "I'm going to be as clever as my brother someday.",
    "Wed4": "If you find a hurt animal, talk to my Dad.",
    "Thu4": "I'm going to be as clever as my brother someday.",
    "Fri4": "If you want to learn hard things, talk to my brother.",
    "Sat4": "Bah bah bam... Did you listen to the music?",
    "Sun4": "$1 If you want to make a big mess, talk to me!",

    "Mon6": "Dad says that learning is messy, like life. #b# I'm not really sure what he means, but I like making messes.",
    "Tue6": "Do you know we have special fish here? #b# I like the big bright ones best.",
    "Wed6": "Dad says that learning is messy, like life. #b# I'm not really sure what he means, but I like making messes.",
    "Thu6": "Do you know we have special fish here? #b# I like the big bright ones best.",
    "Fri6": "Dad says that learning is messy, like life. #b# I'm not really sure what he means, but I like making messes.",
    "Sat6": "I like Saturdays because they're just for playing.",
    "Sun6": "Auntie Morgana says the Mother Tree is our friend.",

    "Mon8": "I work hard in school. #b# Amadi said it's okay if I don't work hard all the time.",
    "Tue8": "$1 Uncle Ffion said I could go to the mines some day to look at the bats. #b#$2 Mum said it might be a far-away someday.",
    "Wed8": "I work hard in school. #b# Amadi said it's okay if I don't work hard all the time.",
    "Thu8": "Is it true you can wish on falling stars? #b# Are wishes real?",
    "Fri8": "$1 A star fell last night! I saw it, I saw it!",
    "Sat8": "$1 I told Mum I'm going to learn drums.",
    "Sun8": "I gave the Mother Tree a lolly. $1#b# I think she liked it!",

    "Mon10": "When I grow up, maybe I'll be a farmer. Or an astronaut.",
    "Tue10": "I'm glad you're here, you know.",
    "Wed10": "Will you be a farmer here forever and ever?",
    "Thu10": "I'm going to make something today. $1#b# Mum asked if I was going to make a disaster! $3#b# I might.",
    "Fri10": "$1 I'm going to get really old and then I'll be cool like you.",
    "Sat10": "$1 Isn't the music the best thing ever?",
    "Sun10": "Don't forget to say hello to the Mother Tree today.",
			}
        },
 
 		]
}