{
"Changes": 
    [
  {
            "LogName": "Legend's dialogue",
            "Action": "EditData",
            "Target": "Characters/Dialogue/{{ModId}}_Legend",
			"Entries": {
				"Introduction": "%He clearly notices you, but doesn't respond",
// SPECIFIC DIALOGUE
	"MovieInvite_Invited": "I'll have unique dialogue soon, promise!",
	"DumpsterDiveComment": "I'll have unique dialogue soon, promise!",
	"SpouseStardrop": "I'll have unique dialogue soon, promise!",
	"FlowerDance_Accept_Spouse": "I'll have unique dialogue soon, promise!",
    "FlowerDance_Accept": "I'll have unique dialogue soon, promise!",
	"FlowerDance_Decline": "I'll have unique dialogue soon, promise!",
	"GreenRain": "I'll have unique dialogue soon, promise!", //new event in 1.6
	"GreenRain_2": "I'll have unique dialogue soon, promise!", //new event in 1.6 - year 2 occurrence
	"GreenRainFinished": "I'll have unique dialogue soon, promise!", //new event in 1.6 - used the day after the event
	"AcceptGift_(O)StardropTea": "I'll have unique dialogue soon, promise!", //new gift reaction - if you don't add this your NPC will spit out a bunch of numbers instead of any dialogue when given this

// GENERIC DIALOGUE
    "Mon": "...", 
    "Tue": "%Legend watches you silently.",
    "Wed": "%Legend stares at you, but says nothing.",
    "Thu": "%Legend keeps his eyes on you the entire time.",
    "Fri": "...",
    "Sat": "%Legend doesn't speak, but he's clearly watching you.",
    "Sun": "%Legend's attention is on you, but he doesn't move to respond.",

    "Mon2": "...Are you looking for uncle?", 
    "Tue2": "... Don’t touch Auntie’s books.  They’re old.",
    "Wed2": "Bird. ... #b# It’s gone now.",
    "Thu2": "... Camila’s store is across the river.",
    "Fri2": "... Don’t step on the plants.",
    "Sat2": "... Do you need something?",
    "Sun2": "...Shh. Uncle is talking.",

    "Mon4": "...You come around here a lot.  Do you like the forest?", 
    "Tue4": "Auntie says it’s important to study.  #b# You can’t know everything, but you should know something.",
    "Wed4": "... I’m not really good with people.",
    "Thu4": "Are you carrying a weapon? Auntie Morgana and Ffion won’t like that.",
    "Fri4": "I have to think carefully about where each plant goes.  They can’t move themselves into the spots that best suit them.",
    "Sat4": "If you find some food in the forest, make sure to leave some for the animals, too.  #b# They’re much smaller.",
    "Sun4": "Uncle has a nice voice.  I like listening to his rhythms.",

    "Mon6": "Shh.  Auntie has a good story today.",
    "Tue6": "I don’t like reading about history. It’s always the same.",
    "Wed6": "I needed some quiet.  Even though I know them, they’re too noisy sometimes.",
    "Thu6": "… Oh.  I was listening to the wind.  If there’s any trouble, I want to let Ffion know right away",
    "Fri6": "I’d like to meet other kinds of plants someday.  Oh!  I don’t mean I’d leave these, of course.",
    "Sat6": "What have you been doing today?  You have so many smells on you.  It’s confusing.",
    "Sun6": "Uncle’s stories always make me think for a long time.  That’s a good thing, though.",

    "Mon8": "Do you have a favorite story, @?  I… could try listening to you tell it.",
    "Tue8": "Nilufar brought Auntie some books.  They said they’re all made-up stories, but they’re interesting.",
    "Wed8": "Water is like plants.  #b#It’s always whispering, but because it goes away so fast, you never talk to the same water twice.",
    "Thu8": "I found a batch of seeds in the forest that needed help.  You can relocate this one if you like.", //gifts ancient seed artifact
    "Fri8": "I was thinking about doing some additions to the garden.  #b#Do you have any recommendations?",
    "Sat8": "… Oh.  I was thinking.  About what?  It’s hard to explain.",
    "Sun8": "Don’t tell Auntie, but I think Uncle’s stories are better.  His always make me feel hopeful.",

    "Mon10": "I'll have unique dialogue soon, promise!",
    "Tue10": "I'll have unique dialogue soon, promise!",
    "Wed10": "I'll have unique dialogue soon, promise!",
    "Thu10": "I'll have unique dialogue soon, promise!",
    "Fri10": "I'll have unique dialogue soon, promise!",
    "Sat10": "I'll have unique dialogue soon, promise!",
    "Sun10": "I'll have unique dialogue soon, promise!",   
   

	// SPECIFIC DAY DIALOGUE
	"spring_1": "I'll have unique dialogue soon, promise!",
	"summer_1": "I'll have unique dialogue soon, promise!",
	"fall_1": "I'll have unique dialogue soon, promise!",
	"winter_1": "I'll have unique dialogue soon, promise!",
	"spring_12": "I'll have unique dialogue soon, promise!", // Day before the Egg Festival
	"spring_23": "I'll have unique dialogue soon, promise!", // Day before the Flower Dance
	"summer_10": "I'll have unique dialogue soon, promise!", // Day before the Luau
	"summer_27": "I'll have unique dialogue soon, promise!", // Day before the Midnight Jellies
	"fall_15": "I'll have unique dialogue soon, promise!", // Day before the Stardew Fair
	"fall_26": "I'll have unique dialogue soon, promise!", // Day before Spirit's Eve
	"winter_7": "I'll have unique dialogue soon, promise!", // Day before the Ice Festival
	"winter_24": "I'll have unique dialogue soon, promise!", // Day before Winter Star
			}
        },
 		]
}