{
"Changes": 
    [
   {
            "LogName": "Morgana's dialogue",
            "Action": "EditData",
            "Target": "Characters/Dialogue/{{ModId}}_Morgana",
			"Entries": {
				"Introduction": "I am Morgana. I am the town speaker.",
// SPECIFIC DIALOGUE
	"MovieInvite_Invited": "I'll have unique dialogue soon, promise!",
	"DumpsterDiveComment": "I'll have unique dialogue soon, promise!",
	"SpouseStardrop": "I'll have unique dialogue soon, promise!",
	"FlowerDance_Accept_Spouse": "I'll have unique dialogue soon, promise!",
    "FlowerDance_Accept": "I'll have unique dialogue soon, promise!",
	"FlowerDance_Decline": "I'll have unique dialogue soon, promise!",
	"GreenRain": "I'll have unique dialogue soon, promise!", //new event in 1.6
	"GreenRain_2": "I'll have unique dialogue soon, promise!", //new event in 1.6 - year 2 occurrence
	"GreenRainFinished": "I'll have unique dialogue soon, promise!", //new event in 1.6 - used the day after the event
	"AcceptGift_(O)StardropTea": "Goodness! Such a wonderful gift of nature.", //new gift reaction - if you don't add this your NPC will spit out a bunch of numbers instead of any dialogue when given this

// GENERIC DIALOGUE
    "Mon": "This is a place of refuge, see that you don't cause any trouble", 
    "Tue": "I do hope you're picking up after yourself.",
    "Wed": "We don't have a mayor here. We don't need one.",
    "Thu": "This is a place of refuge, see that you don't cause any trouble",
    "Fri": "We don't have a mayor here. We don't need one.",
    "Sat": "I do hope you're picking up after yourself.",
    "Sun": "This is a place of refuge, see that you don't cause any trouble",

    "Mon2": "Yes, there are fish in the swimming pool. #$b#Is that a problem?", 
    "Tue2": "Dialogue will be here soon",
    "Wed2": "Dialogue will be here soon",
    "Thu2": "Yes, there are fish in the swimming pool. #$b#Is that a problem?",
    "Fri2": "Dialogue will be here soon",
    "Sat2": "Dialogue will be here soon",
    "Sun2": "Dialogue will be here soon",

    "Mon4": "You seem to be getting on well with the others.  #$b#$2 Good. That's good!", 
    "Tue4": "Dialogue will be here soon",
    "Wed4": "Dialogue will be here soon",
    "Thu4": "You seem to be getting on well with the others.  #$b#$2 Good. That's good!",
    "Fri4": "Dialogue will be here soon",
    "Sat4": "Dialogue will be here soon",
    "Sun4": "Dialogue will be here soon",

    "Mon6": "Why am I the town speaker? #b# I have the largest desk, of course.",
    "Tue6": "I'll have unique dialogue soon, promise!",
    "Wed6": "Why am I the town speaker? #b# I have the largest desk, of course.",
    "Thu6": "I'll have unique dialogue soon, promise!",
    "Fri6": "Why am I the town speaker? #b# I have the largest desk, of course.",
    "Sat6": "I'll have unique dialogue soon, promise!",
    "Sun6": "I'll have unique dialogue soon, promise!",

    "Mon8": "I'll have unique dialogue soon, promise!",
    "Tue8": "I'll have unique dialogue soon, promise!",
    "Wed8": "I'll have unique dialogue soon, promise!",
    "Thu8": "I'll have unique dialogue soon, promise!",
    "Fri8": "I'll have unique dialogue soon, promise!",
    "Sat8": "I'll have unique dialogue soon, promise!",
    "Sun8": "I'll have unique dialogue soon, promise!",

    "Mon10": "I'll have unique dialogue soon, promise!",
    "Tue10": "I'll have unique dialogue soon, promise!",
    "Wed10": "I'll have unique dialogue soon, promise!",
    "Thu10": "I'll have unique dialogue soon, promise!",
    "Fri10": "I'll have unique dialogue soon, promise!",
    "Sat10": "I'll have unique dialogue soon, promise!",
    "Sun10": "I'll have unique dialogue soon, promise!",   
   

	// SPECIFIC DAY DIALOGUE
	"spring_1": "I'll have unique dialogue soon, promise!",
	"summer_1": "I'll have unique dialogue soon, promise!",
	"fall_1": "I'll have unique dialogue soon, promise!",
	"winter_1": "I'll have unique dialogue soon, promise!",
	"spring_12": "I'll have unique dialogue soon, promise!", // Day before the Egg Festival
	"spring_23": "I'll have unique dialogue soon, promise!", // Day before the Flower Dance
	"summer_10": "I'll have unique dialogue soon, promise!", // Day before the Luau
	"summer_27": "Midnight Jellies... See that you thank them for coming to visit.", // Day before the Midnight Jellies
	"fall_15": "I'll have unique dialogue soon, promise!", // Day before the Stardew Fair
	"fall_26": "I'll have unique dialogue soon, promise!", // Day before Spirit's Eve
	"winter_7": "I'll have unique dialogue soon, promise!", // Day before the Ice Festival
	"winter_24": "I'll have unique dialogue soon, promise!", // Day before Winter Star
			}
        },
		]
}